id,label,category,PageRank
0,4039,a,1.0
1,1,b,1.0
2,2,b,1.0
3,3,b,1.0
4,4,b,1.0
5,5,a,1.0
6,6,b,1.0
7,7,a,1.0
8,8,a,1.0
9,9,a,1.0
10,10,b,1.0
11,11,b,1.0
12,12,b,1.0
13,13,b,1.0
14,14,b,1.0
15,15,b,1.0
16,16,b,1.0
17,17,b,1.0
18,18,b,1.0
19,19,b,0.76
20,20,b,0.88
21,21,b,0.96
22,22,b,1.0
23,23,b,1.0
24,24,b,1.0
25,25,a,1.0
26,26,b,1.0
27,27,b,1.0
28,28,b,0.89
29,29,b,0.71
30,30,b,1.0
31,31,b,1.0
32,32,b,1.0
33,33,b,1.0
34,34,b,1.0
35,35,b,1.0
36,36,b,1.0
37,37,b,1.0
38,38,b,0.92
39,39,b,0.86
40,40,b,0.85
41,41,b,0.91
42,42,b,0.75
43,43,b,1.0
44,44,b,0.84
45,45,b,1.0
46,46,b,1.0
47,47,b,1.0
48,48,b,0.81
49,49,b,1.0
50,50,b,1.0
51,51,b,0.89
52,52,b,1.0
53,53,b,0.73
54,54,b,0.75
55,55,b,0.84
56,56,a,1.0
57,57,b,0.7
58,58,b,1.0
59,59,b,0.91
60,60,b,1.0
61,61,b,0.77
62,62,b,1.0
63,63,b,1.0
64,64,b,1.0
65,65,b,1.0
66,66,b,1.0
67,67,b,0.97
68,68,b,1.0
69,69,b,1.0
70,70,b,1.0
71,71,b,1.0
72,72,b,0.93
73,73,b,1.0
74,74,b,1.0
75,75,b,1.0
76,76,b,1.0
77,77,b,0.82
78,78,b,0.75
79,79,b,0.96
80,80,b,0.72
81,81,b,1.0
82,82,b,0.72
83,83,b,0.82
84,84,b,0.95
85,85,b,0.89
86,86,b,1.0
87,87,b,0.79
88,88,b,0.73
89,89,b,0.73
90,90,b,1.0
91,91,b,0.94
92,92,b,0.84
93,93,b,0.78
94,94,b,0.92
95,95,b,0.85
96,96,b,0.78
97,97,b,1.0
98,98,b,0.86
99,99,b,0.76
100,100,b,0.67
101,101,b,0.87
102,102,b,0.71
103,103,b,1.0
104,104,b,0.92
105,105,b,1.0
106,106,b,0.66
107,107,a,1.0
108,108,b,0.71
109,109,b,0.82
110,110,b,0.86
111,111,b,0.74
112,112,b,0.74
113,113,b,0.98
114,114,b,1.0
115,115,b,0.8
116,116,b,0.86
117,117,b,0.63
118,118,b,0.92
119,119,b,0.81
120,120,b,1.0
121,121,b,0.86
122,122,b,0.93
123,123,b,0.61
124,124,b,0.75
125,125,b,0.79
126,126,b,0.68
127,127,b,0.82
128,128,b,0.85
129,129,b,0.83
130,130,b,0.95
131,131,b,0.89
132,132,b,0.91
133,133,b,0.95
134,134,b,0.89
135,135,b,0.74
136,136,a,1.0
137,137,b,0.73
138,138,b,0.7
139,139,b,0.88
140,140,b,0.75
141,141,b,0.97
142,142,b,0.7
143,143,b,0.86
144,144,b,0.67
145,145,b,1.0
146,146,b,0.88
147,147,b,0.73
148,148,b,0.76
149,149,b,0.65
150,150,b,0.77
151,151,b,0.63
152,152,b,0.73
153,153,b,1.0
154,154,b,1.0
155,155,b,0.78
156,156,b,1.0
157,157,b,0.75
158,158,b,0.79
159,159,b,0.77
160,160,b,1.0
161,161,b,0.78
162,162,b,0.61
163,163,b,0.79
164,164,b,0.81
165,165,b,0.82
166,166,b,1.0
167,167,b,0.7
168,168,b,0.75
169,169,b,0.77
170,170,b,0.84
171,171,b,0.88
172,172,b,0.8
173,173,b,0.8
174,174,b,0.66
175,175,b,0.77
176,176,b,0.74
177,177,b,0.73
178,178,b,0.67
179,179,b,0.75
180,180,b,0.71
181,181,b,0.64
182,182,b,0.72
183,183,b,0.95
184,184,b,0.64
185,185,b,0.82
186,186,b,0.81
187,187,b,0.68
188,188,b,0.77
189,189,b,0.73
190,190,b,0.7
191,191,b,0.67
192,192,b,0.79
193,193,b,0.73
194,194,b,0.63
195,195,b,0.65
196,196,b,0.88
197,197,b,0.7
198,198,b,0.74
199,199,b,0.79
200,200,b,0.89
201,201,b,0.79
202,202,b,0.76
203,203,b,0.69
204,204,b,0.59
205,205,b,0.82
206,206,b,0.71
207,207,b,1.0
208,208,b,0.8
209,209,b,1.0
210,210,b,1.0
211,211,b,0.6
212,212,b,0.75
213,213,b,0.73
214,214,b,0.7
215,215,b,1.0
216,216,b,1.0
217,217,b,0.87
218,218,b,0.71
219,219,b,0.58
220,220,b,0.8
221,221,b,1.0
222,222,b,0.87
223,223,b,0.82
224,224,b,0.82
225,225,b,0.74
226,226,b,0.67
227,227,b,0.69
228,228,b,0.79
229,229,b,0.7
230,230,b,0.85
231,231,b,0.81
232,232,b,0.85
233,233,b,1.0
234,234,b,1.0
235,235,b,0.8
236,236,b,0.78
237,237,b,0.96
238,238,b,0.85
239,239,b,0.75
240,240,b,0.84
241,241,b,0.78
242,242,b,0.64
243,243,b,0.66
244,244,b,1.0
245,245,b,0.78
246,246,b,1.0
247,247,b,0.77
248,248,b,0.76
249,249,b,0.72
250,250,b,0.88
251,251,b,0.72
252,252,b,0.8
253,253,b,0.65
254,254,b,0.61
255,255,b,0.78
256,256,b,0.81
257,257,b,0.73
258,258,b,0.86
259,259,b,0.74
260,260,b,0.88
261,261,b,0.86
262,262,b,0.74
263,263,b,0.67
264,264,b,0.62
265,265,b,0.84
266,266,b,0.67
267,267,b,0.79
268,268,b,0.73
269,269,b,0.7
270,270,b,0.9
271,271,b,0.8
272,272,b,0.69
273,273,b,0.66
274,274,b,0.7
275,275,b,0.58
276,276,b,0.82
277,277,b,0.73
278,278,b,0.72
279,279,b,0.91
280,280,b,0.73
281,281,b,0.66
282,282,b,0.76
283,283,b,0.86
284,284,b,0.6
285,285,b,0.91
286,286,b,0.66
287,287,b,1.0
288,288,b,0.95
289,289,b,0.72
290,290,b,0.88
291,291,b,0.85
292,292,b,1.0
293,293,b,0.67
294,294,b,0.73
295,295,b,0.74
296,296,b,0.66
297,297,b,0.78
298,298,b,0.88
299,299,b,0.78
300,300,b,0.75
301,301,b,0.81
302,302,b,0.68
303,303,b,0.82
304,304,b,0.87
305,305,b,1.0
306,306,b,0.52
307,307,b,0.72
308,308,b,0.81
309,309,b,0.72
310,310,b,0.67
311,311,b,0.64
312,312,b,0.57
313,313,b,0.75
314,314,b,0.73
315,315,b,0.76
316,316,b,1.0
317,317,b,0.89
318,318,b,0.68
319,319,b,0.73
320,320,b,0.7
321,321,b,0.69
322,322,b,0.76
323,323,b,0.79
324,324,b,0.78
325,325,b,0.67
326,326,b,0.73
327,327,b,0.65
328,328,b,0.61
329,329,b,0.82
330,330,b,0.64
331,331,b,0.76
332,332,b,0.76
333,333,b,0.7
334,334,b,0.76
335,335,b,1.0
336,336,b,0.96
337,337,b,0.7
338,338,b,0.65
339,339,b,0.64
340,340,b,0.86
341,341,b,0.77
342,342,b,0.73
343,343,b,0.6
344,344,b,0.78
345,345,b,0.73
346,346,b,0.5
347,347,b,0.87
348,348,a,1.0
349,349,a,1.0
350,350,a,1.0
351,351,a,1.0
352,352,a,1.0
353,353,b,1.0
354,354,b,0.91
355,355,b,0.96
356,356,b,1.0
357,357,b,0.97
358,358,b,0.87
359,359,b,1.0
360,360,b,1.0
361,361,b,1.0
362,362,a,1.0
363,363,b,1.0
364,364,b,1.0
365,365,b,1.0
366,366,a,1.0
367,367,a,1.0
368,368,b,0.78
369,369,b,0.82
370,370,b,0.89
371,371,b,0.94
372,372,b,0.9
373,373,b,0.92
374,374,b,1.0
375,375,b,1.0
376,376,b,0.93
377,377,b,1.0
378,378,a,1.0
379,379,b,0.96
380,380,b,1.0
381,381,b,1.0
382,382,a,1.0
383,383,b,1.0
384,384,b,1.0
385,385,b,1.0
386,386,b,1.0
387,387,b,1.0
388,388,b,1.0
389,389,b,1.0
390,390,b,1.0
391,391,b,0.91
392,392,b,1.0
393,393,b,1.0
394,394,b,1.0
395,395,b,1.0
396,396,b,1.0
397,397,b,1.0
398,398,b,1.0
399,399,b,1.0
400,400,b,1.0
401,401,b,1.0
402,402,b,1.0
403,403,a,1.0
404,404,b,1.0
405,405,b,1.0
406,406,b,1.0
407,407,b,1.0
408,408,b,1.0
409,409,b,1.0
410,410,b,1.0
411,411,a,1.0
412,412,b,1.0
413,413,b,1.0
414,414,b,1.0
415,415,b,1.0
416,416,b,1.0
417,417,b,1.0
418,418,b,1.0
419,419,b,1.0
420,420,b,1.0
421,421,b,1.0
422,422,b,1.0
423,423,b,1.0
424,424,b,1.0
425,425,b,1.0
426,426,b,1.0
427,427,b,1.0
428,428,b,1.0
429,429,b,1.0
430,430,b,1.0
431,431,b,1.0
432,432,a,1.0
433,433,b,1.0
434,434,b,1.0
435,435,b,1.0
436,436,b,1.0
437,437,b,1.0
438,438,b,1.0
439,439,b,1.0
440,440,b,1.0
441,441,b,1.0
442,442,b,1.0
443,443,b,1.0
444,444,b,1.0
445,445,b,1.0
446,446,b,1.0
447,447,b,1.0
448,448,b,1.0
449,449,b,1.0
450,450,b,1.0
451,451,b,1.0
452,452,b,1.0
453,453,b,1.0
454,454,b,1.0
455,455,b,1.0
456,456,b,1.0
457,457,b,1.0
458,458,b,0.97
459,459,b,1.0
460,460,b,1.0
461,461,b,1.0
462,462,b,0.82
463,463,b,1.0
464,464,b,1.0
465,465,b,1.0
466,466,b,1.0
467,467,b,1.0
468,468,b,1.0
469,469,b,1.0
470,470,b,1.0
471,471,b,1.0
472,472,b,1.0
473,473,b,1.0
474,474,b,1.0
475,475,b,1.0
476,476,b,1.0
477,477,b,1.0
478,478,b,1.0
479,479,b,0.99
480,480,b,1.0
481,481,b,1.0
482,482,b,1.0
483,483,b,1.0
484,484,b,1.0
485,485,b,1.0
486,486,b,1.0
487,487,b,0.87
488,488,b,1.0
489,489,b,1.0
490,490,b,1.0
491,491,b,1.0
492,492,b,0.99
493,493,b,1.0
494,494,b,1.0
495,495,b,1.0
496,496,b,0.9
497,497,b,1.0
498,498,b,0.92
499,499,b,1.0
500,500,b,1.0
501,501,b,1.0
502,502,b,1.0
503,503,b,0.94
504,504,b,1.0
505,505,b,1.0
506,506,b,1.0
507,507,b,1.0
508,508,b,1.0
509,509,b,1.0
510,510,b,1.0
511,511,b,1.0
512,512,b,1.0
513,513,b,1.0
514,514,b,1.0
515,515,b,0.97
516,516,b,1.0
517,517,b,1.0
518,518,b,1.0
519,519,b,1.0
520,520,b,1.0
521,521,b,1.0
522,522,b,1.0
523,523,b,1.0
524,524,b,1.0
525,525,b,1.0
526,526,b,0.99
527,527,b,1.0
528,528,b,1.0
529,529,b,0.99
530,530,b,1.0
531,531,b,1.0
532,532,b,1.0
533,533,b,1.0
534,534,b,1.0
535,535,b,1.0
536,536,b,1.0
537,537,b,1.0
538,538,b,1.0
539,539,b,1.0
540,540,b,0.95
541,541,b,1.0
542,542,b,0.82
543,543,b,1.0
544,544,b,1.0
545,545,b,1.0
546,546,b,1.0
547,547,b,1.0
548,548,b,1.0
549,549,b,1.0
550,550,b,1.0
551,551,b,1.0
552,552,b,1.0
553,553,b,1.0
554,554,b,1.0
555,555,b,1.0
556,556,b,1.0
557,557,b,1.0
558,558,b,1.0
559,559,b,1.0
560,560,b,1.0
561,561,b,1.0
562,562,b,1.0
563,563,b,1.0
564,564,a,1.0
565,565,b,1.0
566,566,b,1.0
567,567,b,1.0
568,568,b,1.0
569,569,b,0.93
570,570,b,0.97
571,571,b,1.0
572,572,a,1.0
573,573,b,1.0
574,574,b,1.0
575,575,b,1.0
576,576,b,1.0
577,577,b,1.0
578,578,b,1.0
579,579,b,1.0
580,580,b,1.0
581,581,b,1.0
582,582,b,1.0
583,583,b,1.0
584,584,b,0.97
585,585,b,1.0
586,586,b,0.99
587,587,b,0.89
588,588,b,1.0
589,589,b,1.0
590,590,b,1.0
591,591,b,1.0
592,592,b,1.0
593,593,b,0.97
594,594,b,1.0
595,595,b,1.0
596,596,b,0.81
597,597,b,1.0
598,598,b,1.0
599,599,b,1.0
600,600,b,0.98
601,601,b,1.0
602,602,b,1.0
603,603,b,1.0
604,604,b,0.97
605,605,b,1.0
606,606,b,1.0
607,607,b,0.97
608,608,b,0.88
609,609,b,1.0
610,610,b,1.0
611,611,b,0.99
612,612,b,1.0
613,613,b,1.0
614,614,b,0.86
615,615,b,0.92
616,616,b,1.0
617,617,b,1.0
618,618,b,1.0
619,619,b,1.0
620,620,b,1.0
621,621,b,1.0
622,622,b,1.0
623,623,b,1.0
624,624,b,1.0
625,625,b,0.96
626,626,b,1.0
627,627,b,1.0
628,628,b,1.0
629,629,b,1.0
630,630,b,1.0
631,631,b,1.0
632,632,b,1.0
633,633,b,1.0
634,634,b,1.0
635,635,b,1.0
636,636,b,1.0
637,637,b,1.0
638,638,b,0.95
639,639,b,1.0
640,640,b,0.92
641,641,b,1.0
642,642,b,1.0
643,643,b,1.0
644,644,b,0.92
645,645,b,1.0
646,646,b,0.94
647,647,b,1.0
648,648,b,1.0
649,649,b,0.87
650,650,b,0.93
651,651,b,0.93
652,652,b,1.0
653,653,b,1.0
654,654,b,1.0
655,655,b,1.0
656,656,b,0.94
657,657,b,0.96
658,658,b,1.0
659,659,b,0.96
660,660,b,0.96
661,661,b,1.0
662,662,b,1.0
663,663,b,1.0
664,664,b,1.0
665,665,b,1.0
666,666,b,0.92
667,667,b,0.98
668,668,b,0.97
669,669,b,0.99
670,670,b,1.0
671,671,b,1.0
672,672,b,1.0
673,673,b,0.98
674,674,b,1.0
675,675,b,1.0
676,676,b,1.0
677,677,b,0.89
678,678,b,0.95
679,679,b,0.88
680,680,b,1.0
681,681,b,0.98
682,682,b,1.0
683,683,b,1.0
684,684,b,1.0
685,685,b,0.91
686,686,b,1.0
687,687,b,0.94
688,688,b,1.0
689,689,b,1.0
690,690,b,0.86
691,691,b,0.97
692,692,b,1.0
693,693,b,0.92
694,694,b,1.0
695,695,b,0.97
696,696,b,1.0
697,697,b,1.0
698,698,b,1.0
699,699,b,1.0
700,700,b,0.86
701,701,b,1.0
702,702,b,0.95
703,703,b,1.0
704,704,b,1.0
705,705,b,0.95
706,706,b,1.0
707,707,b,0.99
708,708,b,0.86
709,709,b,0.97
710,710,b,1.0
711,711,b,1.0
712,712,b,1.0
713,713,b,0.83
714,714,b,0.77
715,715,b,0.82
716,716,b,0.93
717,717,b,1.0
718,718,b,0.83
719,719,b,1.0
720,720,b,1.0
721,721,b,0.79
722,722,b,0.97
723,723,b,0.81
724,724,b,0.94
725,725,b,0.99
726,726,b,1.0
727,727,b,1.0
728,728,b,1.0
729,729,b,0.92
730,730,b,0.89
731,731,b,1.0
732,732,b,1.0
733,733,b,1.0
734,734,b,0.89
735,735,b,1.0
736,736,b,0.94
737,737,b,0.97
738,738,b,1.0
739,739,b,1.0
740,740,b,0.83
741,741,b,1.0
742,742,b,0.94
743,743,b,1.0
744,744,b,1.0
745,745,b,0.88
746,746,b,1.0
747,747,b,1.0
748,748,b,1.0
749,749,b,0.94
750,750,b,1.0
751,751,b,0.9
752,752,b,1.0
753,753,b,0.92
754,754,b,0.98
755,755,b,0.87
756,756,b,1.0
757,757,b,0.89
758,758,b,1.0
759,759,b,0.85
760,760,b,1.0
761,761,b,0.99
762,762,b,1.0
763,763,b,0.83
764,764,b,0.92
765,765,b,0.89
766,766,b,1.0
767,767,b,1.0
768,768,b,0.9
769,769,b,0.87
770,770,b,0.9
771,771,b,1.0
772,772,b,0.91
773,773,b,1.0
774,774,b,0.96
775,775,b,1.0
776,776,b,1.0
777,777,b,1.0
778,778,b,0.99
779,779,b,0.99
780,780,b,0.94
781,781,b,0.88
782,782,b,1.0
783,783,b,0.97
784,784,b,1.0
785,785,b,0.94
786,786,b,1.0
787,787,b,0.89
788,788,b,0.92
789,789,b,1.0
790,790,b,1.0
791,791,b,1.0
792,792,b,1.0
793,793,b,1.0
794,794,b,0.92
795,795,b,0.99
796,796,b,0.97
797,797,b,0.9
798,798,b,0.97
799,799,b,1.0
800,800,b,1.0
801,801,b,0.96
802,802,b,1.0
803,803,b,0.94
804,804,b,0.95
805,805,b,0.81
806,806,b,0.95
807,807,b,0.93
808,808,b,0.75
809,809,b,0.89
810,810,b,1.0
811,811,b,0.92
812,812,b,1.0
813,813,b,0.88
814,814,b,0.97
815,815,b,0.89
816,816,b,0.79
817,817,b,0.81
818,818,b,1.0
819,819,b,0.96
820,820,b,0.77
821,821,b,0.85
822,822,b,0.78
823,823,b,0.97
824,824,b,1.0
825,825,b,0.94
826,826,b,0.89
827,827,b,0.7
828,828,b,0.91
829,829,b,1.0
830,830,b,1.0
831,831,b,0.96
832,832,b,0.98
833,833,b,0.97
834,834,b,0.76
835,835,b,1.0
836,836,b,0.86
837,837,b,0.78
838,838,b,0.81
839,839,b,1.0
840,840,b,1.0
841,841,b,0.92
842,842,b,1.0
843,843,b,0.89
844,844,b,0.86
845,845,b,0.96
846,846,b,0.93
847,847,b,0.82
848,848,b,1.0
849,849,b,0.9
850,850,b,0.98
851,851,b,0.99
852,852,b,1.0
853,853,b,0.85
854,854,b,0.82
855,855,b,0.97
856,856,b,0.76
857,857,b,1.0
858,858,b,0.97
859,859,b,1.0
860,860,b,1.0
861,861,b,0.93
862,862,b,0.99
863,863,b,0.83
864,864,b,0.88
865,865,b,0.74
866,866,b,0.95
867,867,b,1.0
868,868,b,1.0
869,869,b,1.0
870,870,b,0.78
871,871,b,1.0
872,872,b,1.0
873,873,b,0.75
874,874,b,0.89
875,875,b,0.73
876,876,b,0.95
877,877,b,0.6
878,878,b,0.95
879,879,b,0.74
880,880,b,1.0
881,881,b,1.0
882,882,b,1.0
883,883,b,1.0
884,884,b,0.9
885,885,b,0.75
886,886,b,0.99
887,887,b,1.0
888,888,b,0.77
889,889,b,1.0
890,890,b,0.83
891,891,b,1.0
892,892,b,1.0
893,893,b,1.0
894,894,b,1.0
895,895,b,0.97
896,896,b,0.84
897,897,b,1.0
898,898,b,0.96
899,899,b,0.95
900,900,b,1.0
901,901,b,0.81
902,902,b,0.93
903,903,b,1.0
904,904,b,1.0
905,905,b,0.94
906,906,b,1.0
907,907,b,0.9
908,908,b,0.88
909,909,b,0.84
910,910,b,0.94
911,911,b,0.97
912,912,b,0.95
913,913,b,1.0
914,914,b,0.85
915,915,b,1.0
916,916,b,1.0
917,917,b,0.9
918,918,b,0.83
919,919,b,0.91
920,920,b,0.97
921,921,b,0.78
922,922,b,0.94
923,923,b,0.94
924,924,b,0.98
925,925,b,0.81
926,926,b,0.9
927,927,b,1.0
928,928,b,1.0
929,929,b,1.0
930,930,b,1.0
931,931,b,1.0
932,932,b,0.92
933,933,b,0.8
934,934,b,0.94
935,935,b,0.89
936,936,b,1.0
937,937,b,0.95
938,938,b,0.93
939,939,b,1.0
940,940,b,1.0
941,941,b,1.0
942,942,b,0.91
943,943,b,1.0
944,944,b,0.89
945,945,b,0.8
946,946,b,0.98
947,947,b,1.0
948,948,b,0.81
949,949,b,1.0
950,950,b,1.0
951,951,b,1.0
952,952,b,1.0
953,953,b,0.86
954,954,b,0.96
955,955,b,0.98
956,956,b,0.85
957,957,b,0.79
958,958,b,0.99
959,959,b,0.95
960,960,b,0.75
961,961,b,0.73
962,962,b,1.0
963,963,b,0.99
964,964,b,0.9
965,965,b,0.82
966,966,b,0.87
967,967,b,1.0
968,968,b,0.7
969,969,b,0.82
970,970,b,0.96
971,971,b,1.0
972,972,b,0.82
973,973,b,0.87
974,974,b,0.9
975,975,b,1.0
976,976,b,1.0
977,977,b,0.9
978,978,b,0.96
979,979,b,0.76
980,980,b,0.89
981,981,b,1.0
982,982,b,0.92
983,983,b,0.89
984,984,b,0.89
985,985,b,0.94
986,986,b,1.0
987,987,b,0.8
988,988,b,0.92
989,989,b,1.0
990,990,b,1.0
991,991,b,0.91
992,992,b,1.0
993,993,b,0.97
994,994,b,0.94
995,995,b,0.88
996,996,b,1.0
997,997,b,0.93
998,998,b,0.98
999,999,b,0.88
1000,1000,b,0.98
1001,1001,b,0.98
1002,1002,b,0.76
1003,1003,b,0.85
1004,1004,b,0.97
1005,1005,b,0.96
1006,1006,b,0.82
1007,1007,b,1.0
1008,1008,b,0.9
1009,1009,b,0.87
1010,1010,b,0.85
1011,1011,b,0.88
1012,1012,b,0.99
1013,1013,b,1.0
1014,1014,b,0.8
1015,1015,b,1.0
1016,1016,b,0.76
1017,1017,b,1.0
1018,1018,b,0.87
1019,1019,b,1.0
1020,1020,b,0.92
1021,1021,b,0.92
1022,1022,b,0.95
1023,1023,b,0.82
1024,1024,b,0.82
1025,1025,b,0.96
1026,1026,b,0.73
1027,1027,b,0.94
1028,1028,b,0.84
1029,1029,b,0.99
1030,1030,b,0.93
1031,1031,b,0.91
1032,1032,b,1.0
1033,1033,b,0.97
1034,1034,b,0.94
1035,1035,b,0.96
1036,1036,b,0.94
1037,1037,b,0.85
1038,1038,b,1.0
1039,1039,b,0.96
1040,1040,b,0.8
1041,1041,b,0.85
1042,1042,b,0.86
1043,1043,b,0.8
1044,1044,b,1.0
1045,1045,b,0.83
1046,1046,b,1.0
1047,1047,b,0.87
1048,1048,b,1.0
1049,1049,b,0.83
1050,1050,b,0.92
1051,1051,b,1.0
1052,1052,b,0.93
1053,1053,b,0.83
1054,1054,b,0.8
1055,1055,b,0.95
1056,1056,b,0.73
1057,1057,b,0.85
1058,1058,b,0.83
1059,1059,b,0.96
1060,1060,b,0.81
1061,1061,b,0.96
1062,1062,b,0.89
1063,1063,a,1.0
1064,1064,b,0.94
1065,1065,b,0.84
1066,1066,b,0.93
1067,1067,b,1.0
1068,1068,b,1.0
1069,1069,b,0.84
1070,1070,b,0.85
1071,1071,b,0.91
1072,1072,b,0.99
1073,1073,b,0.87
1074,1074,b,0.97
1075,1075,b,0.66
1076,1076,b,0.99
1077,1077,b,0.87
1078,1078,b,0.85
1079,1079,b,0.74
1080,1080,b,0.86
1081,1081,b,0.88
1082,1082,b,0.93
1083,1083,b,0.84
1084,1084,b,0.93
1085,1085,b,1.0
1086,1086,b,0.81
1087,1087,b,0.86
1088,1088,b,0.9
1089,1089,b,0.69
1090,1090,b,0.95
1091,1091,b,0.79
1092,1092,b,0.9
1093,1093,b,1.0
1094,1094,b,0.79
1095,1095,b,0.75
1096,1096,b,0.81
1097,1097,b,0.85
1098,1098,b,0.94
1099,1099,b,0.92
1100,1100,b,0.89
1101,1101,b,0.89
1102,1102,b,0.98
1103,1103,b,0.77
1104,1104,b,1.0
1105,1105,b,0.9
1106,1106,b,0.76
1107,1107,b,0.71
1108,1108,b,0.74
1109,1109,b,0.76
1110,1110,b,0.86
1111,1111,b,1.0
1112,1112,b,0.91
1113,1113,b,1.0
1114,1114,b,0.86
1115,1115,b,0.74
1116,1116,b,0.78
1117,1117,b,1.0
1118,1118,b,0.83
1119,1119,b,0.84
1120,1120,b,0.83
1121,1121,b,0.83
1122,1122,b,0.78
1123,1123,b,0.89
1124,1124,b,0.96
1125,1125,b,0.98
1126,1126,b,1.0
1127,1127,b,0.94
1128,1128,b,0.87
1129,1129,b,0.76
1130,1130,b,0.93
1131,1131,b,0.9
1132,1132,b,0.95
1133,1133,b,0.96
1134,1134,b,0.77
1135,1135,b,0.86
1136,1136,b,1.0
1137,1137,b,1.0
1138,1138,b,0.78
1139,1139,b,0.79
1140,1140,b,1.0
1141,1141,b,0.73
1142,1142,b,0.82
1143,1143,b,1.0
1144,1144,b,0.83
1145,1145,b,0.96
1146,1146,b,0.95
1147,1147,b,0.91
1148,1148,b,0.9
1149,1149,b,0.95
1150,1150,b,1.0
1151,1151,b,0.8
1152,1152,b,0.99
1153,1153,b,0.89
1154,1154,b,0.84
1155,1155,b,0.78
1156,1156,b,1.0
1157,1157,b,0.95
1158,1158,b,0.9
1159,1159,b,1.0
1160,1160,b,0.97
1161,1161,b,0.68
1162,1162,b,0.86
1163,1163,b,1.0
1164,1164,b,0.74
1165,1165,b,0.87
1166,1166,b,0.84
1167,1167,b,0.91
1168,1168,b,0.92
1169,1169,b,0.76
1170,1170,b,0.79
1171,1171,b,0.96
1172,1172,b,0.75
1173,1173,b,0.89
1174,1174,b,0.85
1175,1175,b,1.0
1176,1176,b,0.67
1177,1177,b,0.89
1178,1178,b,1.0
1179,1179,b,1.0
1180,1180,b,0.94
1181,1181,b,1.0
1182,1182,b,0.91
1183,1183,b,0.83
1184,1184,b,0.95
1185,1185,b,0.88
1186,1186,b,0.95
1187,1187,b,0.74
1188,1188,b,0.92
1189,1189,b,1.0
1190,1190,b,0.9
1191,1191,b,0.86
1192,1192,b,0.89
1193,1193,b,0.85
1194,1194,b,0.97
1195,1195,b,0.91
1196,1196,b,1.0
1197,1197,b,0.82
1198,1198,b,1.0
1199,1199,b,0.86
1200,1200,b,1.0
1201,1201,b,0.92
1202,1202,b,0.75
1203,1203,a,1.0
1204,1204,b,0.83
1205,1205,b,0.91
1206,1206,b,1.0
1207,1207,b,0.84
1208,1208,b,0.82
1209,1209,b,0.72
1210,1210,b,0.93
1211,1211,b,0.87
1212,1212,b,0.86
1213,1213,b,0.77
1214,1214,b,0.92
1215,1215,b,0.76
1216,1216,b,1.0
1217,1217,b,0.93
1218,1218,b,0.99
1219,1219,b,0.81
1220,1220,b,0.75
1221,1221,b,0.89
1222,1222,b,0.86
1223,1223,b,1.0
1224,1224,b,0.91
1225,1225,b,0.91
1226,1226,b,0.95
1227,1227,b,0.76
1228,1228,b,0.9
1229,1229,b,0.82
1230,1230,b,0.81
1231,1231,b,0.72
1232,1232,b,0.84
1233,1233,b,0.89
1234,1234,b,0.86
1235,1235,b,0.82
1236,1236,b,1.0
1237,1237,b,0.85
1238,1238,b,0.79
1239,1239,b,0.92
1240,1240,b,1.0
1241,1241,b,0.87
1242,1242,b,0.74
1243,1243,b,0.85
1244,1244,b,0.88
1245,1245,b,1.0
1246,1246,b,0.72
1247,1247,b,1.0
1248,1248,b,1.0
1249,1249,b,0.89
1250,1250,b,0.92
1251,1251,b,0.77
1252,1252,b,0.98
1253,1253,b,0.75
1254,1254,b,0.88
1255,1255,b,0.95
1256,1256,b,0.8
1257,1257,b,0.72
1258,1258,b,0.86
1259,1259,b,0.76
1260,1260,b,1.0
1261,1261,b,0.96
1262,1262,b,1.0
1263,1263,b,0.92
1264,1264,b,0.99
1265,1265,b,1.0
1266,1266,b,0.96
1267,1267,b,0.75
1268,1268,b,0.8
1269,1269,b,0.84
1270,1270,b,0.94
1271,1271,b,0.8
1272,1272,b,1.0
1273,1273,b,0.81
1274,1274,b,0.75
1275,1275,b,1.0
1276,1276,b,0.82
1277,1277,b,0.95
1278,1278,b,0.88
1279,1279,b,0.93
1280,1280,b,0.65
1281,1281,b,0.81
1282,1282,b,0.92
1283,1283,b,0.82
1284,1284,b,0.68
1285,1285,b,0.78
1286,1286,b,0.97
1287,1287,b,0.72
1288,1288,b,0.88
1289,1289,b,0.64
1290,1290,b,0.8
1291,1291,b,0.88
1292,1292,b,0.99
1293,1293,b,0.93
1294,1294,b,0.81
1295,1295,b,0.8
1296,1296,b,0.78
1297,1297,b,0.88
1298,1298,b,0.67
1299,1299,b,0.98
1300,1300,b,0.92
1301,1301,b,0.88
1302,1302,b,0.94
1303,1303,b,0.78
1304,1304,b,0.59
1305,1305,b,0.99
1306,1306,b,0.77
1307,1307,b,0.74
1308,1308,b,0.73
1309,1309,b,1.0
1310,1310,b,0.9
1311,1311,b,0.76
1312,1312,b,0.88
1313,1313,b,0.78
1314,1314,b,0.88
1315,1315,b,1.0
1316,1316,b,0.78
1317,1317,b,0.72
1318,1318,b,0.95
1319,1319,b,1.0
1320,1320,b,0.82
1321,1321,b,1.0
1322,1322,b,0.8
1323,1323,b,1.0
1324,1324,b,0.69
1325,1325,b,0.88
1326,1326,b,0.86
1327,1327,b,0.81
1328,1328,b,0.81
1329,1329,b,0.9
1330,1330,b,0.92
1331,1331,b,0.76
1332,1332,b,0.85
1333,1333,b,0.83
1334,1334,b,0.84
1335,1335,b,0.91
1336,1336,b,0.63
1337,1337,b,0.76
1338,1338,b,1.0
1339,1339,b,1.0
1340,1340,b,1.0
1341,1341,b,0.94
1342,1342,b,0.89
1343,1343,b,0.79
1344,1344,b,0.91
1345,1345,b,0.96
1346,1346,b,0.82
1347,1347,b,0.82
1348,1348,b,0.9
1349,1349,b,0.76
1350,1350,b,1.0
1351,1351,b,0.9
1352,1352,b,0.73
1353,1353,b,0.78
1354,1354,b,0.81
1355,1355,b,0.83
1356,1356,b,0.89
1357,1357,b,0.75
1358,1358,b,0.84
1359,1359,b,0.74
1360,1360,b,0.95
1361,1361,b,0.87
1362,1362,b,0.83
1363,1363,b,0.82
1364,1364,b,0.69
1365,1365,b,0.83
1366,1366,b,1.0
1367,1367,b,1.0
1368,1368,b,0.99
1369,1369,b,0.84
1370,1370,b,0.79
1371,1371,b,0.76
1372,1372,b,0.9
1373,1373,b,0.66
1374,1374,b,1.0
1375,1375,b,1.0
1376,1376,b,0.71
1377,1377,b,0.92
1378,1378,b,0.81
1379,1379,b,0.74
1380,1380,b,0.95
1381,1381,b,1.0
1382,1382,b,0.86
1383,1383,b,0.72
1384,1384,b,0.85
1385,1385,b,0.88
1386,1386,b,0.98
1387,1387,b,0.8
1388,1388,b,0.8
1389,1389,b,0.91
1390,1390,b,0.7
1391,1391,b,1.0
1392,1392,b,0.84
1393,1393,b,0.82
1394,1394,b,0.84
1395,1395,b,0.93
1396,1396,b,0.74
1397,1397,b,1.0
1398,1398,b,1.0
1399,1399,b,1.0
1400,1400,b,1.0
1401,1401,b,1.0
1402,1402,b,1.0
1403,1403,b,1.0
1404,1404,b,1.0
1405,1405,b,1.0
1406,1406,b,1.0
1407,1407,b,1.0
1408,1408,b,1.0
1409,1409,b,0.92
1410,1410,b,0.99
1411,1411,b,1.0
1412,1412,b,1.0
1413,1413,b,1.0
1414,1414,b,0.85
1415,1415,b,0.99
1416,1416,b,1.0
1417,1417,b,1.0
1418,1418,b,1.0
1419,1419,b,1.0
1420,1420,b,1.0
1421,1421,b,1.0
1422,1422,b,1.0
1423,1423,b,1.0
1424,1424,b,1.0
1425,1425,b,1.0
1426,1426,b,0.93
1427,1427,b,0.81
1428,1428,b,1.0
1429,1429,b,1.0
1430,1430,b,0.9
1431,1431,b,1.0
1432,1432,b,1.0
1433,1433,b,1.0
1434,1434,b,1.0
1435,1435,b,1.0
1436,1436,b,0.91
1437,1437,b,0.85
1438,1438,b,1.0
1439,1439,b,1.0
1440,1440,b,1.0
1441,1441,b,1.0
1442,1442,b,1.0
1443,1443,b,1.0
1444,1444,b,0.98
1445,1445,b,1.0
1446,1446,b,1.0
1447,1447,b,0.84
1448,1448,b,0.99
1449,1449,b,0.94
1450,1450,b,0.99
1451,1451,b,1.0
1452,1452,b,0.91
1453,1453,b,0.89
1454,1454,b,0.89
1455,1455,b,0.81
1456,1456,b,0.99
1457,1457,b,1.0
1458,1458,b,1.0
1459,1459,b,1.0
1460,1460,b,0.99
1461,1461,b,0.96
1462,1462,b,0.98
1463,1463,b,1.0
1464,1464,b,0.88
1465,1465,b,0.82
1466,1466,b,1.0
1467,1467,b,0.98
1468,1468,b,1.0
1469,1469,b,1.0
1470,1470,b,0.79
1471,1471,b,0.89
1472,1472,b,0.84
1473,1473,b,0.84
1474,1474,b,0.98
1475,1475,b,0.9
1476,1476,b,1.0
1477,1477,b,0.98
1478,1478,b,1.0
1479,1479,b,0.83
1480,1480,b,0.89
1481,1481,b,0.95
1482,1482,b,0.95
1483,1483,b,1.0
1484,1484,b,0.88
1485,1485,b,0.95
1486,1486,b,1.0
1487,1487,b,0.82
1488,1488,b,0.86
1489,1489,b,0.8
1490,1490,b,1.0
1491,1491,b,0.93
1492,1492,b,1.0
1493,1493,b,0.82
1494,1494,b,0.95
1495,1495,b,0.88
1496,1496,b,0.84
1497,1497,b,0.85
1498,1498,b,0.88
1499,1499,b,0.82
1500,1500,b,0.85
1501,1501,b,0.96
1502,1502,b,0.98
1503,1503,b,0.87
1504,1504,b,0.94
1505,1505,b,0.78
1506,1506,b,1.0
1507,1507,b,1.0
1508,1508,b,1.0
1509,1509,b,0.95
1510,1510,b,1.0
1511,1511,b,0.92
1512,1512,b,0.81
1513,1513,b,0.84
1514,1514,b,0.76
1515,1515,b,0.71
1516,1516,b,0.74
1517,1517,b,0.92
1518,1518,b,0.77
1519,1519,b,1.0
1520,1520,b,1.0
1521,1521,b,1.0
1522,1522,b,1.0
1523,1523,b,0.98
1524,1524,b,1.0
1525,1525,b,1.0
1526,1526,b,1.0
1527,1527,b,1.0
1528,1528,b,1.0
1529,1529,b,0.99
1530,1530,b,1.0
1531,1531,b,1.0
1532,1532,b,0.88
1533,1533,b,0.99
1534,1534,b,1.0
1535,1535,b,1.0
1536,1536,b,1.0
1537,1537,b,1.0
1538,1538,a,1.0
1539,1539,b,1.0
1540,1540,b,1.0
1541,1541,b,1.0
1542,1542,b,1.0
1543,1543,b,1.0
1544,1544,b,1.0
1545,1545,b,1.0
1546,1546,b,1.0
1547,1547,b,1.0
1548,1548,b,0.99
1549,1549,b,0.92
1550,1550,b,1.0
1551,1551,b,1.0
1552,1552,b,1.0
1553,1553,b,1.0
1554,1554,b,1.0
1555,1555,b,1.0
1556,1556,b,0.94
1557,1557,b,1.0
1558,1558,b,0.92
1559,1559,b,0.96
1560,1560,b,1.0
1561,1561,b,1.0
1562,1562,b,1.0
1563,1563,b,0.91
1564,1564,b,1.0
1565,1565,b,1.0
1566,1566,b,1.0
1567,1567,b,1.0
1568,1568,b,1.0
1569,1569,b,0.91
1570,1570,b,0.76
1571,1571,b,1.0
1572,1572,b,1.0
1573,1573,b,0.98
1574,1574,b,1.0
1575,1575,b,0.99
1576,1576,b,0.9
1577,1577,b,1.0
1578,1578,b,1.0
1579,1579,b,1.0
1580,1580,b,0.9
1581,1581,b,0.96
1582,1582,b,1.0
1583,1583,b,1.0
1584,1584,b,1.0
1585,1585,b,1.0
1586,1586,b,1.0
1587,1587,b,1.0
1588,1588,b,1.0
1589,1589,b,0.93
1590,1590,b,0.89
1591,1591,b,1.0
1592,1592,b,0.75
1593,1593,b,0.85
1594,1594,b,1.0
1595,1595,b,0.98
1596,1596,b,0.99
1597,1597,b,0.94
1598,1598,b,1.0
1599,1599,b,1.0
1600,1600,b,0.93
1601,1601,b,0.94
1602,1602,b,1.0
1603,1603,b,1.0
1604,1604,b,1.0
1605,1605,b,0.89
1606,1606,b,1.0
1607,1607,b,0.91
1608,1608,b,0.93
1609,1609,b,1.0
1610,1610,b,0.99
1611,1611,b,0.87
1612,1612,b,0.72
1613,1613,b,0.91
1614,1614,b,0.99
1615,1615,b,0.94
1616,1616,b,0.95
1617,1617,b,1.0
1618,1618,b,0.97
1619,1619,b,0.97
1620,1620,b,1.0
1621,1621,b,1.0
1622,1622,b,1.0
1623,1623,b,1.0
1624,1624,b,0.96
1625,1625,b,0.89
1626,1626,b,0.98
1627,1627,b,1.0
1628,1628,b,0.97
1629,1629,b,0.9
1630,1630,b,1.0
1631,1631,b,0.94
1632,1632,b,0.96
1633,1633,b,1.0
1634,1634,b,0.83
1635,1635,b,0.88
1636,1636,b,1.0
1637,1637,b,0.88
1638,1638,b,0.91
1639,1639,b,0.99
1640,1640,b,0.97
1641,1641,b,0.98
1642,1642,b,1.0
1643,1643,b,1.0
1644,1644,b,0.77
1645,1645,b,0.94
1646,1646,b,0.86
1647,1647,b,1.0
1648,1648,b,0.85
1649,1649,b,1.0
1650,1650,b,1.0
1651,1651,b,1.0
1652,1652,b,0.96
1653,1653,b,1.0
1654,1654,b,0.93
1655,1655,b,1.0
1656,1656,b,0.91
1657,1657,b,0.83
1658,1658,b,1.0
1659,1659,b,0.82
1660,1660,b,0.85
1661,1661,b,0.99
1662,1662,b,0.92
1663,1663,b,0.87
1664,1664,b,0.93
1665,1665,b,1.0
1666,1666,b,0.95
1667,1667,b,0.94
1668,1668,b,0.96
1669,1669,b,0.95
1670,1670,b,0.79
1671,1671,b,1.0
1672,1672,b,1.0
1673,1673,b,0.85
1674,1674,b,0.9
1675,1675,b,0.93
1676,1676,b,1.0
1677,1677,b,0.99
1678,1678,b,1.0
1679,1679,b,0.95
1680,1680,b,1.0
1681,1681,b,1.0
1682,1682,b,1.0
1683,1683,b,0.99
1684,1684,b,0.93
1685,1685,b,0.84
1686,1686,b,0.88
1687,1687,b,1.0
1688,1688,b,0.85
1689,1689,b,0.97
1690,1690,b,0.94
1691,1691,b,1.0
1692,1692,b,0.84
1693,1693,b,0.97
1694,1694,b,0.96
1695,1695,b,0.83
1696,1696,b,1.0
1697,1697,b,0.86
1698,1698,b,1.0
1699,1699,b,0.71
1700,1700,b,1.0
1701,1701,b,0.85
1702,1702,b,0.97
1703,1703,b,0.8
1704,1704,b,0.95
1705,1705,b,0.85
1706,1706,b,0.99
1707,1707,b,0.71
1708,1708,b,0.83
1709,1709,b,0.88
1710,1710,b,1.0
1711,1711,b,0.84
1712,1712,b,0.84
1713,1713,b,0.97
1714,1714,b,0.99
1715,1715,b,0.92
1716,1716,b,0.88
1717,1717,b,1.0
1718,1718,b,0.81
1719,1719,b,0.96
1720,1720,b,0.92
1721,1721,b,1.0
1722,1722,b,0.84
1723,1723,b,0.86
1724,1724,b,1.0
1725,1725,b,1.0
1726,1726,b,0.91
1727,1727,b,0.96
1728,1728,b,0.85
1729,1729,b,1.0
1730,1730,b,1.0
1731,1731,b,1.0
1732,1732,b,1.0
1733,1733,b,0.8
1734,1734,b,1.0
1735,1735,b,1.0
1736,1736,b,1.0
1737,1737,b,0.84
1738,1738,b,0.97
1739,1739,b,0.88
1740,1740,b,1.0
1741,1741,b,1.0
1742,1742,b,1.0
1743,1743,b,1.0
1744,1744,b,1.0
1745,1745,b,1.0
1746,1746,b,1.0
1747,1747,b,1.0
1748,1748,b,1.0
1749,1749,b,1.0
1750,1750,b,1.0
1751,1751,b,1.0
1752,1752,b,1.0
1753,1753,b,1.0
1754,1754,a,1.0
1755,1755,b,1.0
1756,1756,b,1.0
1757,1757,b,1.0
1758,1758,b,1.0
1759,1759,b,0.94
1760,1760,b,1.0
1761,1761,b,1.0
1762,1762,b,1.0
1763,1763,b,1.0
1764,1764,b,1.0
1765,1765,b,1.0
1766,1766,b,1.0
1767,1767,b,1.0
1768,1768,b,1.0
1769,1769,b,1.0
1770,1770,b,1.0
1771,1771,b,1.0
1772,1772,b,1.0
1773,1773,b,1.0
1774,1774,b,1.0
1775,1775,b,0.86
1776,1776,b,1.0
1777,1777,b,1.0
1778,1778,b,1.0
1779,1779,b,1.0
1780,1780,b,1.0
1781,1781,b,1.0
1782,1782,b,1.0
1783,1783,b,1.0
1784,1784,b,1.0
1785,1785,b,0.94
1786,1786,b,1.0
1787,1787,b,1.0
1788,1788,b,1.0
1789,1789,b,1.0
1790,1790,b,0.93
1791,1791,b,0.97
1792,1792,b,1.0
1793,1793,b,1.0
1794,1794,b,1.0
1795,1795,b,0.98
1796,1796,b,0.99
1797,1797,b,1.0
1798,1798,b,1.0
1799,1799,b,0.91
1800,1800,b,1.0
1801,1801,b,1.0
1802,1802,b,0.96
1803,1803,b,0.98
1804,1804,b,0.98
1805,1805,b,1.0
1806,1806,b,0.92
1807,1807,b,1.0
1808,1808,b,1.0
1809,1809,b,0.86
1810,1810,b,1.0
1811,1811,b,1.0
1812,1812,b,1.0
1813,1813,b,0.9
1814,1814,b,1.0
1815,1815,b,1.0
1816,1816,b,1.0
1817,1817,b,0.99
1818,1818,b,1.0
1819,1819,b,1.0
1820,1820,b,1.0
1821,1821,a,1.0
1822,1822,b,1.0
1823,1823,b,1.0
1824,1824,b,1.0
1825,1825,b,1.0
1826,1826,b,1.0
1827,1827,b,1.0
1828,1828,b,1.0
1829,1829,b,1.0
1830,1830,b,0.9
1831,1831,a,1.0
1832,1832,b,1.0
1833,1833,b,0.67
1834,1834,b,1.0
1835,1835,b,1.0
1836,1836,b,1.0
1837,1837,b,1.0
1838,1838,b,1.0
1839,1839,b,0.69
1840,1840,b,0.61
1841,1841,b,0.73
1842,1842,b,0.75
1843,1843,a,1.0
1844,1844,b,1.0
1845,1845,b,0.7
1846,1846,b,0.74
1847,1847,b,0.78
1848,1848,b,0.87
1849,1849,b,1.0
1850,1850,a,1.0
1851,1851,b,0.83
1852,1852,b,1.0
1853,1853,b,0.98
1854,1854,b,0.83
1855,1855,b,0.7
1856,1856,b,0.7
1857,1857,b,0.7
1858,1858,b,0.6
1859,1859,b,0.56
1860,1860,b,1.0
1861,1861,b,1.0
1862,1862,b,1.0
1863,1863,b,1.0
1864,1864,b,0.81
1865,1865,b,0.9
1866,1866,b,0.59
1867,1867,b,0.87
1868,1868,b,0.81
1869,1869,b,0.62
1870,1870,b,0.71
1871,1871,b,0.56
1872,1872,b,0.71
1873,1873,b,0.81
1874,1874,b,1.0
1875,1875,b,0.8
1876,1876,b,0.78
1877,1877,b,0.68
1878,1878,b,0.79
1879,1879,b,0.63
1880,1880,b,1.0
1881,1881,b,0.69
1882,1882,b,0.8
1883,1883,b,0.65
1884,1884,b,0.67
1885,1885,b,0.64
1886,1886,b,0.82
1887,1887,b,0.75
1888,1888,b,1.0
1889,1889,b,1.0
1890,1890,b,0.75
1891,1891,b,0.85
1892,1892,b,0.71
1893,1893,b,0.7
1894,1894,b,1.0
1895,1895,b,1.0
1896,1896,b,0.66
1897,1897,b,0.8
1898,1898,b,0.75
1899,1899,b,0.66
1900,1900,b,0.92
1901,1901,b,0.79
1902,1902,b,0.73
1903,1903,b,0.77
1904,1904,b,0.68
1905,1905,b,0.69
1906,1906,b,1.0
1907,1907,b,0.88
1908,1908,b,0.92
1909,1909,b,0.71
1910,1910,b,0.72
1911,1911,b,0.68
1912,1912,b,0.63
1913,1913,b,0.67
1914,1914,b,1.0
1915,1915,b,0.64
1916,1916,b,0.63
1917,1917,b,0.86
1918,1918,b,0.63
1919,1919,b,0.76
1920,1920,b,0.81
1921,1921,b,1.0
1922,1922,b,0.64
1923,1923,b,0.66
1924,1924,b,0.58
1925,1925,b,0.63
1926,1926,b,0.69
1927,1927,b,0.6
1928,1928,b,0.68
1929,1929,b,0.65
1930,1930,b,0.72
1931,1931,b,0.72
1932,1932,b,0.77
1933,1933,b,0.69
1934,1934,b,0.59
1935,1935,b,0.85
1936,1936,b,0.78
1937,1937,b,0.76
1938,1938,b,0.59
1939,1939,b,0.54
1940,1940,b,0.58
1941,1941,b,0.64
1942,1942,b,0.71
1943,1943,b,0.77
1944,1944,b,0.84
1945,1945,b,0.71
1946,1946,b,1.0
1947,1947,b,0.63
1948,1948,b,0.78
1949,1949,b,0.98
1950,1950,b,0.74
1951,1951,b,0.58
1952,1952,b,0.61
1953,1953,b,0.74
1954,1954,b,0.63
1955,1955,b,0.73
1956,1956,b,0.94
1957,1957,b,0.61
1958,1958,b,0.57
1959,1959,b,0.69
1960,1960,b,0.72
1961,1961,b,0.81
1962,1962,b,0.68
1963,1963,b,0.55
1964,1964,b,0.74
1965,1965,b,0.63
1966,1966,b,0.67
1967,1967,b,0.55
1968,1968,b,0.57
1969,1969,b,0.58
1970,1970,b,1.0
1971,1971,b,0.58
1972,1972,b,0.75
1973,1973,b,0.61
1974,1974,b,0.63
1975,1975,b,0.59
1976,1976,b,0.74
1977,1977,b,0.68
1978,1978,b,0.67
1979,1979,b,0.57
1980,1980,b,0.69
1981,1981,b,0.81
1982,1982,b,0.76
1983,1983,b,0.58
1984,1984,b,0.6
1985,1985,b,0.62
1986,1986,b,0.83
1987,1987,b,0.63
1988,1988,b,0.66
1989,1989,b,0.68
1990,1990,b,0.8
1991,1991,b,0.71
1992,1992,b,0.67
1993,1993,b,0.61
1994,1994,b,0.78
1995,1995,b,0.54
1996,1996,b,0.62
1997,1997,b,0.84
1998,1998,b,0.64
1999,1999,b,0.66
2000,2000,b,0.7
2001,2001,b,0.72
2002,2002,b,0.77
2003,2003,b,1.0
2004,2004,b,1.0
2005,2005,b,1.0
2006,2006,b,1.0
2007,2007,b,0.81
2008,2008,b,0.98
2009,2009,b,0.74
2010,2010,b,0.81
2011,2011,b,0.94
2012,2012,b,1.0
2013,2013,b,0.87
2014,2014,b,0.93
2015,2015,b,0.99
2016,2016,b,1.0
2017,2017,b,1.0
2018,2018,b,0.75
2019,2019,b,0.87
2020,2020,b,0.74
2021,2021,b,1.0
2022,2022,b,0.96
2023,2023,b,0.78
2024,2024,b,0.82
2025,2025,b,0.96
2026,2026,b,0.57
2027,2027,b,1.0
2028,2028,b,0.97
2029,2029,b,1.0
2030,2030,b,0.91
2031,2031,b,0.7
2032,2032,b,0.79
2033,2033,b,0.9
2034,2034,b,0.78
2035,2035,b,0.77
2036,2036,b,1.0
2037,2037,b,1.0
2038,2038,b,0.79
2039,2039,b,0.97
2040,2040,b,1.0
2041,2041,b,1.0
2042,2042,b,0.93
2043,2043,b,1.0
2044,2044,b,0.97
2045,2045,b,1.0
2046,2046,b,0.89
2047,2047,b,0.99
2048,2048,b,1.0
2049,2049,b,1.0
2050,2050,b,0.96
2051,2051,b,1.0
2052,2052,b,1.0
2053,2053,b,0.92
2054,2054,b,0.91
2055,2055,b,0.85
2056,2056,b,0.73
2057,2057,b,1.0
2058,2058,b,0.93
2059,2059,b,0.89
2060,2060,b,1.0
2061,2061,b,0.93
2062,2062,b,1.0
2063,2063,b,0.95
2064,2064,b,1.0
2065,2065,b,1.0
2066,2066,b,0.91
2067,2067,b,0.9
2068,2068,b,1.0
2069,2069,b,0.89
2070,2070,b,0.87
2071,2071,b,0.89
2072,2072,b,1.0
2073,2073,b,1.0
2074,2074,b,0.9
2075,2075,b,1.0
2076,2076,b,1.0
2077,2077,b,1.0
2078,2078,b,1.0
2079,2079,b,1.0
2080,2080,b,1.0
2081,2081,b,0.95
2082,2082,b,0.86
2083,2083,b,0.8
2084,2084,b,0.87
2085,2085,b,0.95
2086,2086,b,0.93
2087,2087,b,0.93
2088,2088,b,0.9
2089,2089,b,1.0
2090,2090,b,0.79
2091,2091,b,0.88
2092,2092,b,0.68
2093,2093,b,0.77
2094,2094,b,0.96
2095,2095,b,0.96
2096,2096,b,1.0
2097,2097,b,1.0
2098,2098,b,1.0
2099,2099,b,1.0
2100,2100,b,1.0
2101,2101,b,1.0
2102,2102,b,1.0
2103,2103,b,1.0
2104,2104,b,1.0
2105,2105,b,1.0
2106,2106,b,1.0
2107,2107,b,0.97
2108,2108,b,0.98
2109,2109,b,1.0
2110,2110,b,1.0
2111,2111,b,0.82
2112,2112,b,1.0
2113,2113,b,0.79
2114,2114,b,0.95
2115,2115,b,0.99
2116,2116,b,1.0
2117,2117,b,1.0
2118,2118,b,1.0
2119,2119,b,0.94
2120,2120,b,1.0
2121,2121,b,1.0
2122,2122,b,1.0
2123,2123,b,0.82
2124,2124,b,1.0
2125,2125,b,1.0
2126,2126,a,1.0
2127,2127,b,1.0
2128,2128,a,1.0
2129,2129,b,1.0
2130,2130,a,1.0
2131,2131,b,1.0
2132,2132,b,1.0
2133,2133,b,1.0
2134,2134,b,1.0
2135,2135,b,0.96
2136,2136,b,1.0
2137,2137,b,1.0
2138,2138,b,1.0
2139,2139,b,1.0
2140,2140,b,0.95
2141,2141,b,0.98
2142,2142,b,1.0
2143,2143,b,1.0
2144,2144,b,1.0
2145,2145,b,1.0
2146,2146,b,0.95
2147,2147,b,0.98
2148,2148,b,1.0
2149,2149,b,0.89
2150,2150,b,0.91
2151,2151,b,0.88
2152,2152,b,1.0
2153,2153,b,1.0
2154,2154,b,1.0
2155,2155,b,0.91
2156,2156,b,0.88
2157,2157,b,1.0
2158,2158,b,1.0
2159,2159,b,0.89
2160,2160,b,0.83
2161,2161,b,0.84
2162,2162,b,0.94
2163,2163,b,1.0
2164,2164,b,0.97
2165,2165,b,0.88
2166,2166,b,1.0
2167,2167,b,0.78
2168,2168,b,0.85
2169,2169,b,0.96
2170,2170,b,0.78
2171,2171,b,0.96
2172,2172,b,0.85
2173,2173,b,0.95
2174,2174,b,1.0
2175,2175,b,1.0
2176,2176,b,0.95
2177,2177,b,1.0
2178,2178,b,1.0
2179,2179,b,1.0
2180,2180,b,0.98
2181,2181,b,1.0
2182,2182,b,0.88
2183,2183,b,1.0
2184,2184,b,1.0
2185,2185,b,1.0
2186,2186,b,0.97
2187,2187,b,0.98
2188,2188,b,0.95
2189,2189,b,0.97
2190,2190,b,0.97
2191,2191,b,1.0
2192,2192,b,1.0
2193,2193,b,1.0
2194,2194,b,1.0
2195,2195,b,1.0
2196,2196,b,1.0
2197,2197,b,1.0
2198,2198,b,1.0
2199,2199,b,0.99
2200,2200,b,1.0
2201,2201,b,1.0
2202,2202,b,1.0
2203,2203,b,1.0
2204,2204,b,1.0
2205,2205,b,1.0
2206,2206,b,1.0
2207,2207,b,0.94
2208,2208,b,1.0
2209,2209,b,1.0
2210,2210,b,1.0
2211,2211,b,0.96
2212,2212,b,0.91
2213,2213,b,0.91
2214,2214,b,1.0
2215,2215,b,0.99
2216,2216,b,1.0
2217,2217,b,0.95
2218,2218,b,0.88
2219,2219,b,0.89
2220,2220,b,0.88
2221,2221,b,1.0
2222,2222,b,0.91
2223,2223,b,1.0
2224,2224,b,0.86
2225,2225,b,0.91
2226,2226,b,0.9
2227,2227,b,1.0
2228,2228,b,1.0
2229,2229,b,0.89
2230,2230,b,1.0
2231,2231,b,1.0
2232,2232,b,0.87
2233,2233,b,1.0
2234,2234,b,1.0
2235,2235,b,1.0
2236,2236,b,1.0
2237,2237,b,1.0
2238,2238,b,0.94
2239,2239,b,1.0
2240,2240,b,1.0
2241,2241,b,0.89
2242,2242,b,0.86
2243,2243,b,1.0
2244,2244,b,1.0
2245,2245,b,1.0
2246,2246,b,1.0
2247,2247,b,1.0
2248,2248,b,1.0
2249,2249,b,1.0
2250,2250,b,1.0
2251,2251,a,1.0
2252,2252,b,1.0
2253,2253,b,1.0
2254,2254,b,1.0
2255,2255,b,1.0
2256,2256,b,1.0
2257,2257,b,1.0
2258,2258,b,1.0
2259,2259,b,1.0
2260,2260,b,1.0
2261,2261,b,1.0
2262,2262,b,1.0
2263,2263,b,1.0
2264,2264,b,1.0
2265,2265,b,1.0
2266,2266,b,1.0
2267,2267,b,1.0
2268,2268,b,1.0
2269,2269,b,1.0
2270,2270,b,1.0
2271,2271,b,1.0
2272,2272,b,1.0
2273,2273,b,1.0
2274,2274,b,1.0
2275,2275,b,1.0
2276,2276,b,1.0
2277,2277,b,1.0
2278,2278,b,1.0
2279,2279,b,1.0
2280,2280,b,1.0
2281,2281,b,1.0
2282,2282,b,1.0
2283,2283,b,1.0
2284,2284,b,1.0
2285,2285,b,1.0
2286,2286,b,1.0
2287,2287,b,1.0
2288,2288,b,1.0
2289,2289,b,1.0
2290,2290,b,1.0
2291,2291,b,1.0
2292,2292,b,1.0
2293,2293,a,1.0
2294,2294,b,1.0
2295,2295,b,1.0
2296,2296,b,1.0
2297,2297,b,1.0
2298,2298,b,1.0
2299,2299,b,1.0
2300,2300,b,1.0
2301,2301,b,1.0
2302,2302,b,1.0
2303,2303,b,1.0
2304,2304,b,1.0
2305,2305,a,1.0
2306,2306,b,1.0
2307,2307,b,1.0
2308,2308,b,1.0
2309,2309,b,1.0
2310,2310,b,1.0
2311,2311,b,1.0
2312,2312,b,1.0
2313,2313,b,1.0
2314,2314,b,1.0
2315,2315,b,1.0
2316,2316,b,1.0
2317,2317,b,1.0
2318,2318,b,1.0
2319,2319,b,1.0
2320,2320,b,1.0
2321,2321,b,1.0
2322,2322,b,1.0
2323,2323,b,1.0
2324,2324,b,1.0
2325,2325,b,1.0
2326,2326,a,1.0
2327,2327,b,1.0
2328,2328,b,1.0
2329,2329,b,1.0
2330,2330,b,1.0
2331,2331,b,1.0
2332,2332,b,1.0
2333,2333,b,1.0
2334,2334,b,1.0
2335,2335,b,1.0
2336,2336,b,1.0
2337,2337,b,1.0
2338,2338,b,1.0
2339,2339,b,1.0
2340,2340,b,1.0
2341,2341,b,1.0
2342,2342,b,1.0
2343,2343,b,1.0
2344,2344,b,1.0
2345,2345,b,1.0
2346,2346,b,0.91
2347,2347,b,1.0
2348,2348,b,1.0
2349,2349,b,1.0
2350,2350,b,1.0
2351,2351,b,1.0
2352,2352,b,1.0
2353,2353,b,1.0
2354,2354,b,1.0
2355,2355,b,1.0
2356,2356,b,1.0
2357,2357,b,1.0
2358,2358,b,1.0
2359,2359,b,1.0
2360,2360,b,1.0
2361,2361,b,1.0
2362,2362,b,1.0
2363,2363,b,1.0
2364,2364,b,1.0
2365,2365,b,1.0
2366,2366,b,1.0
2367,2367,b,1.0
2368,2368,b,1.0
2369,2369,b,1.0
2370,2370,b,1.0
2371,2371,b,1.0
2372,2372,b,1.0
2373,2373,b,1.0
2374,2374,b,1.0
2375,2375,b,1.0
2376,2376,b,1.0
2377,2377,b,1.0
2378,2378,b,1.0
2379,2379,b,1.0
2380,2380,b,1.0
2381,2381,b,1.0
2382,2382,b,1.0
2383,2383,b,1.0
2384,2384,b,1.0
2385,2385,b,1.0
2386,2386,b,1.0
2387,2387,b,1.0
2388,2388,b,1.0
2389,2389,b,1.0
2390,2390,b,1.0
2391,2391,b,1.0
2392,2392,b,0.94
2393,2393,b,1.0
2394,2394,b,1.0
2395,2395,b,1.0
2396,2396,b,1.0
2397,2397,b,1.0
2398,2398,b,1.0
2399,2399,b,1.0
2400,2400,b,1.0
2401,2401,b,1.0
2402,2402,b,1.0
2403,2403,b,1.0
2404,2404,b,1.0
2405,2405,b,1.0
2406,2406,b,1.0
2407,2407,b,1.0
2408,2408,b,1.0
2409,2409,b,1.0
2410,2410,b,1.0
2411,2411,b,1.0
2412,2412,b,1.0
2413,2413,b,1.0
2414,2414,b,1.0
2415,2415,b,1.0
2416,2416,b,1.0
2417,2417,b,1.0
2418,2418,b,1.0
2419,2419,b,1.0
2420,2420,b,1.0
2421,2421,b,1.0
2422,2422,b,1.0
2423,2423,b,1.0
2424,2424,b,1.0
2425,2425,b,1.0
2426,2426,b,1.0
2427,2427,b,1.0
2428,2428,b,1.0
2429,2429,b,1.0
2430,2430,b,1.0
2431,2431,b,1.0
2432,2432,b,1.0
2433,2433,b,1.0
2434,2434,b,1.0
2435,2435,b,1.0
2436,2436,b,1.0
2437,2437,b,1.0
2438,2438,b,1.0
2439,2439,b,1.0
2440,2440,b,1.0
2441,2441,b,1.0
2442,2442,b,1.0
2443,2443,b,1.0
2444,2444,b,1.0
2445,2445,b,1.0
2446,2446,b,1.0
2447,2447,b,1.0
2448,2448,b,1.0
2449,2449,b,1.0
2450,2450,b,1.0
2451,2451,b,1.0
2452,2452,b,1.0
2453,2453,b,1.0
2454,2454,b,0.91
2455,2455,b,1.0
2456,2456,b,1.0
2457,2457,b,1.0
2458,2458,b,1.0
2459,2459,b,1.0
2460,2460,b,1.0
2461,2461,b,1.0
2462,2462,b,1.0
2463,2463,b,1.0
2464,2464,b,1.0
2465,2465,b,1.0
2466,2466,b,1.0
2467,2467,b,1.0
2468,2468,b,1.0
2469,2469,b,1.0
2470,2470,b,1.0
2471,2471,b,0.93
2472,2472,b,0.94
2473,2473,b,1.0
2474,2474,b,0.98
2475,2475,b,0.99
2476,2476,b,0.87
2477,2477,b,1.0
2478,2478,b,0.96
2479,2479,b,1.0
2480,2480,b,1.0
2481,2481,b,1.0
2482,2482,b,0.95
2483,2483,b,0.93
2484,2484,b,0.82
2485,2485,b,1.0
2486,2486,b,0.94
2487,2487,b,1.0
2488,2488,b,1.0
2489,2489,b,1.0
2490,2490,b,0.93
2491,2491,b,1.0
2492,2492,b,1.0
2493,2493,b,1.0
2494,2494,b,1.0
2495,2495,b,1.0
2496,2496,b,1.0
2497,2497,b,0.94
2498,2498,b,1.0
2499,2499,b,1.0
2500,2500,b,1.0
2501,2501,b,0.91
2502,2502,b,1.0
2503,2503,b,1.0
2504,2504,b,1.0
2505,2505,b,1.0
2506,2506,b,1.0
2507,2507,b,1.0
2508,2508,b,1.0
2509,2509,b,1.0
2510,2510,b,1.0
2511,2511,b,1.0
2512,2512,b,1.0
2513,2513,b,0.87
2514,2514,b,1.0
2515,2515,b,1.0
2516,2516,b,1.0
2517,2517,b,0.88
2518,2518,b,1.0
2519,2519,b,1.0
2520,2520,b,1.0
2521,2521,b,1.0
2522,2522,b,0.98
2523,2523,b,1.0
2524,2524,b,1.0
2525,2525,b,1.0
2526,2526,b,1.0
2527,2527,b,1.0
2528,2528,b,1.0
2529,2529,b,1.0
2530,2530,b,0.97
2531,2531,b,1.0
2532,2532,b,1.0
2533,2533,b,1.0
2534,2534,b,1.0
2535,2535,b,1.0
2536,2536,b,0.86
2537,2537,b,0.87
2538,2538,b,0.99
2539,2539,b,1.0
2540,2540,b,0.94
2541,2541,b,1.0
2542,2542,b,1.0
2543,2543,b,0.97
2544,2544,b,1.0
2545,2545,b,0.8
2546,2546,b,1.0
2547,2547,b,1.0
2548,2548,b,1.0
2549,2549,b,1.0
2550,2550,b,0.96
2551,2551,b,1.0
2552,2552,b,1.0
2553,2553,b,1.0
2554,2554,b,1.0
2555,2555,b,1.0
2556,2556,b,1.0
2557,2557,b,1.0
2558,2558,b,1.0
2559,2559,b,1.0
2560,2560,b,1.0
2561,2561,b,1.0
2562,2562,b,1.0
2563,2563,b,1.0
2564,2564,b,1.0
2565,2565,b,1.0
2566,2566,b,0.87
2567,2567,b,0.96
2568,2568,b,1.0
2569,2569,b,1.0
2570,2570,b,1.0
2571,2571,b,0.93
2572,2572,b,1.0
2573,2573,b,0.98
2574,2574,b,1.0
2575,2575,b,1.0
2576,2576,b,1.0
2577,2577,b,0.86
2578,2578,b,1.0
2579,2579,b,1.0
2580,2580,b,1.0
2581,2581,b,1.0
2582,2582,b,1.0
2583,2583,b,0.99
2584,2584,b,1.0
2585,2585,b,0.97
2586,2586,b,1.0
2587,2587,b,0.96
2588,2588,b,1.0
2589,2589,b,1.0
2590,2590,b,0.94
2591,2591,b,1.0
2592,2592,b,1.0
2593,2593,b,1.0
2594,2594,b,1.0
2595,2595,b,0.92
2596,2596,b,1.0
2597,2597,b,1.0
2598,2598,b,1.0
2599,2599,b,0.99
2600,2600,b,1.0
2601,2601,b,1.0
2602,2602,b,1.0
2603,2603,b,1.0
2604,2604,b,1.0
2605,2605,b,1.0
2606,2606,b,0.84
2607,2607,b,1.0
2608,2608,b,1.0
2609,2609,b,1.0
2610,2610,b,1.0
2611,2611,b,1.0
2612,2612,b,1.0
2613,2613,b,1.0
2614,2614,b,0.79
2615,2615,b,1.0
2616,2616,b,1.0
2617,2617,b,1.0
2618,2618,b,1.0
2619,2619,b,0.76
2620,2620,b,0.85
2621,2621,b,0.96
2622,2622,b,0.92
2623,2623,b,1.0
2624,2624,b,1.0
2625,2625,b,1.0
2626,2626,b,1.0
2627,2627,b,1.0
2628,2628,b,1.0
2629,2629,b,1.0
2630,2630,b,1.0
2631,2631,b,1.0
2632,2632,b,1.0
2633,2633,b,1.0
2634,2634,b,1.0
2635,2635,b,1.0
2636,2636,b,0.96
2637,2637,b,0.93
2638,2638,b,1.0
2639,2639,b,0.91
2640,2640,b,1.0
2641,2641,b,0.91
2642,2642,b,1.0
2643,2643,b,0.97
2644,2644,b,1.0
2645,2645,b,1.0
2646,2646,b,1.0
2647,2647,b,1.0
2648,2648,b,1.0
2649,2649,b,0.96
2650,2650,b,0.82
2651,2651,b,0.99
2652,2652,b,1.0
2653,2653,b,0.77
2654,2654,b,1.0
2655,2655,b,0.95
2656,2656,b,0.85
2657,2657,b,1.0
2658,2658,b,1.0
2659,2659,b,0.94
2660,2660,b,0.82
2661,2661,b,1.0
2662,2662,b,1.0
2663,2663,b,1.0
2664,2664,b,1.0
2665,2665,b,0.96
2666,2666,b,1.0
2667,2667,b,1.0
2668,2668,b,0.93
2669,2669,b,1.0
2670,2670,b,1.0
2671,2671,b,0.84
2672,2672,b,0.93
2673,2673,b,1.0
2674,2674,b,1.0
2675,2675,b,1.0
2676,2676,b,1.0
2677,2677,b,1.0
2678,2678,b,1.0
2679,2679,b,1.0
2680,2680,b,1.0
2681,2681,b,1.0
2682,2682,b,1.0
2683,2683,b,0.91
2684,2684,b,0.87
2685,2685,b,1.0
2686,2686,b,1.0
2687,2687,b,1.0
2688,2688,b,0.94
2689,2689,b,1.0
2690,2690,b,0.97
2691,2691,b,1.0
2692,2692,b,1.0
2693,2693,b,0.93
2694,2694,b,1.0
2695,2695,b,0.99
2696,2696,b,1.0
2697,2697,b,0.92
2698,2698,b,0.78
2699,2699,b,1.0
2700,2700,b,0.83
2701,2701,b,1.0
2702,2702,b,1.0
2703,2703,b,0.99
2704,2704,b,1.0
2705,2705,b,1.0
2706,2706,b,1.0
2707,2707,b,1.0
2708,2708,b,1.0
2709,2709,b,1.0
2710,2710,b,0.95
2711,2711,b,1.0
2712,2712,b,1.0
2713,2713,b,0.98
2714,2714,b,1.0
2715,2715,b,0.92
2716,2716,b,1.0
2717,2717,b,1.0
2718,2718,b,1.0
2719,2719,b,0.88
2720,2720,b,1.0
2721,2721,b,1.0
2722,2722,b,0.86
2723,2723,b,1.0
2724,2724,b,1.0
2725,2725,b,0.95
2726,2726,b,1.0
2727,2727,b,1.0
2728,2728,b,1.0
2729,2729,b,1.0
2730,2730,b,0.94
2731,2731,b,1.0
2732,2732,b,1.0
2733,2733,b,1.0
2734,2734,b,0.89
2735,2735,b,1.0
2736,2736,b,0.95
2737,2737,b,0.93
2738,2738,b,0.93
2739,2739,b,1.0
2740,2740,b,1.0
2741,2741,b,1.0
2742,2742,b,1.0
2743,2743,b,1.0
2744,2744,b,1.0
2745,2745,b,0.95
2746,2746,b,0.89
2747,2747,b,1.0
2748,2748,b,1.0
2749,2749,b,0.82
2750,2750,b,1.0
2751,2751,b,1.0
2752,2752,b,1.0
2753,2753,b,1.0
2754,2754,b,1.0
2755,2755,b,0.98
2756,2756,b,0.92
2757,2757,b,0.94
2758,2758,b,1.0
2759,2759,b,1.0
2760,2760,b,1.0
2761,2761,b,0.94
2762,2762,b,0.9
2763,2763,b,0.98
2764,2764,b,1.0
2765,2765,b,1.0
2766,2766,b,1.0
2767,2767,b,1.0
2768,2768,b,1.0
2769,2769,b,1.0
2770,2770,b,0.95
2771,2771,b,1.0
2772,2772,b,1.0
2773,2773,b,0.88
2774,2774,b,0.85
2775,2775,b,1.0
2776,2776,b,0.98
2777,2777,b,1.0
2778,2778,b,1.0
2779,2779,b,1.0
2780,2780,b,0.95
2781,2781,b,0.98
2782,2782,b,0.94
2783,2783,b,1.0
2784,2784,b,0.9
2785,2785,b,1.0
2786,2786,b,1.0
2787,2787,b,1.0
2788,2788,b,1.0
2789,2789,b,1.0
2790,2790,b,0.99
2791,2791,b,1.0
2792,2792,b,1.0
2793,2793,b,1.0
2794,2794,b,1.0
2795,2795,b,0.93
2796,2796,b,1.0
2797,2797,b,0.74
2798,2798,b,1.0
2799,2799,b,1.0
2800,2800,b,1.0
2801,2801,b,0.84
2802,2802,b,0.94
2803,2803,b,0.91
2804,2804,b,0.94
2805,2805,b,0.91
2806,2806,b,0.95
2807,2807,b,0.92
2808,2808,b,0.93
2809,2809,b,0.95
2810,2810,b,0.79
2811,2811,b,0.94
2812,2812,b,0.93
2813,2813,b,1.0
2814,2814,b,1.0
2815,2815,b,0.96
2816,2816,b,0.82
2817,2817,b,1.0
2818,2818,b,1.0
2819,2819,b,1.0
2820,2820,b,0.96
2821,2821,b,1.0
2822,2822,b,1.0
2823,2823,b,1.0
2824,2824,b,1.0
2825,2825,b,1.0
2826,2826,b,0.81
2827,2827,b,1.0
2828,2828,b,0.99
2829,2829,b,0.99
2830,2830,b,1.0
2831,2831,b,1.0
2832,2832,b,0.95
2833,2833,b,1.0
2834,2834,b,1.0
2835,2835,b,1.0
2836,2836,b,0.83
2837,2837,b,0.97
2838,2838,b,1.0
2839,2839,b,1.0
2840,2840,b,1.0
2841,2841,b,0.9
2842,2842,b,0.9
2843,2843,b,1.0
2844,2844,b,1.0
2845,2845,b,0.84
2846,2846,b,1.0
2847,2847,b,0.9
2848,2848,b,1.0
2849,2849,b,1.0
2850,2850,b,1.0
2851,2851,b,0.95
2852,2852,b,0.82
2853,2853,b,1.0
2854,2854,b,0.86
2855,2855,b,0.95
2856,2856,b,1.0
2857,2857,b,0.78
2858,2858,b,0.84
2859,2859,b,1.0
2860,2860,b,0.87
2861,2861,b,0.81
2862,2862,b,1.0
2863,2863,b,0.98
2864,2864,b,1.0
2865,2865,b,1.0
2866,2866,b,1.0
2867,2867,b,1.0
2868,2868,b,1.0
2869,2869,b,1.0
2870,2870,b,0.94
2871,2871,b,1.0
2872,2872,b,1.0
2873,2873,b,1.0
2874,2874,b,0.99
2875,2875,b,1.0
2876,2876,b,1.0
2877,2877,b,1.0
2878,2878,b,0.93
2879,2879,b,1.0
2880,2880,b,0.9
2881,2881,b,0.95
2882,2882,b,1.0
2883,2883,b,1.0
2884,2884,b,0.97
2885,2885,b,0.97
2886,2886,b,1.0
2887,2887,b,1.0
2888,2888,b,1.0
2889,2889,b,1.0
2890,2890,b,1.0
2891,2891,b,1.0
2892,2892,b,0.92
2893,2893,b,1.0
2894,2894,b,1.0
2895,2895,b,0.81
2896,2896,b,0.85
2897,2897,b,1.0
2898,2898,b,0.91
2899,2899,b,0.95
2900,2900,b,0.99
2901,2901,b,0.82
2902,2902,b,0.95
2903,2903,b,1.0
2904,2904,b,0.92
2905,2905,b,1.0
2906,2906,b,1.0
2907,2907,b,1.0
2908,2908,b,0.85
2909,2909,b,1.0
2910,2910,b,1.0
2911,2911,b,1.0
2912,2912,b,0.99
2913,2913,b,1.0
2914,2914,b,1.0
2915,2915,b,0.97
2916,2916,b,1.0
2917,2917,b,0.9
2918,2918,b,0.89
2919,2919,b,0.74
2920,2920,b,0.95
2921,2921,b,0.86
2922,2922,b,0.99
2923,2923,b,1.0
2924,2924,b,0.89
2925,2925,b,0.85
2926,2926,b,0.92
2927,2927,b,1.0
2928,2928,b,1.0
2929,2929,b,1.0
2930,2930,b,0.84
2931,2931,b,1.0
2932,2932,b,0.97
2933,2933,b,0.89
2934,2934,b,0.87
2935,2935,b,1.0
2936,2936,b,1.0
2937,2937,b,1.0
2938,2938,b,1.0
2939,2939,b,1.0
2940,2940,b,1.0
2941,2941,b,0.93
2942,2942,b,1.0
2943,2943,b,1.0
2944,2944,b,1.0
2945,2945,b,1.0
2946,2946,b,1.0
2947,2947,b,1.0
2948,2948,b,1.0
2949,2949,b,1.0
2950,2950,b,1.0
2951,2951,b,1.0
2952,2952,b,1.0
2953,2953,b,1.0
2954,2954,b,1.0
2955,2955,b,1.0
2956,2956,b,1.0
2957,2957,b,1.0
2958,2958,b,1.0
2959,2959,b,1.0
2960,2960,b,1.0
2961,2961,b,1.0
2962,2962,b,1.0
2963,2963,b,1.0
2964,2964,a,1.0
2965,2965,b,1.0
2966,2966,a,1.0
2967,2967,b,1.0
2968,2968,b,1.0
2969,2969,b,1.0
2970,2970,b,1.0
2971,2971,b,1.0
2972,2972,b,1.0
2973,2973,b,0.92
2974,2974,b,1.0
2975,2975,b,1.0
2976,2976,b,1.0
2977,2977,b,1.0
2978,2978,a,1.0
2979,2979,b,1.0
2980,2980,b,1.0
2981,2981,b,1.0
2982,2982,b,1.0
2983,2983,b,1.0
2984,2984,b,1.0
2985,2985,b,1.0
2986,2986,b,1.0
2987,2987,b,1.0
2988,2988,b,1.0
2989,2989,b,1.0
2990,2990,b,1.0
2991,2991,b,1.0
2992,2992,b,1.0
2993,2993,a,1.0
2994,2994,b,1.0
2995,2995,a,1.0
2996,2996,b,1.0
2997,2997,b,1.0
2998,2998,b,1.0
2999,2999,b,1.0
3000,3000,b,1.0
3001,3001,b,1.0
3002,3002,b,1.0
3003,3003,b,1.0
3004,3004,b,1.0
3005,3005,b,1.0
3006,3006,b,1.0
3007,3007,b,1.0
3008,3008,b,0.93
3009,3009,b,1.0
3010,3010,b,1.0
3011,3011,b,0.93
3012,3012,b,1.0
3013,3013,b,1.0
3014,3014,b,1.0
3015,3015,b,1.0
3016,3016,b,1.0
3017,3017,b,1.0
3018,3018,b,1.0
3019,3019,b,1.0
3020,3020,b,1.0
3021,3021,b,1.0
3022,3022,b,1.0
3023,3023,b,1.0
3024,3024,b,1.0
3025,3025,b,1.0
3026,3026,b,1.0
3027,3027,b,1.0
3028,3028,b,1.0
3029,3029,b,1.0
3030,3030,b,1.0
3031,3031,b,1.0
3032,3032,b,1.0
3033,3033,b,1.0
3034,3034,b,1.0
3035,3035,b,1.0
3036,3036,b,1.0
3037,3037,b,1.0
3038,3038,b,0.87
3039,3039,b,1.0
3040,3040,b,1.0
3041,3041,b,1.0
3042,3042,b,1.0
3043,3043,b,1.0
3044,3044,b,1.0
3045,3045,b,1.0
3046,3046,b,0.96
3047,3047,b,1.0
3048,3048,b,1.0
3049,3049,b,1.0
3050,3050,b,1.0
3051,3051,b,1.0
3052,3052,b,1.0
3053,3053,b,1.0
3054,3054,b,0.97
3055,3055,b,1.0
3056,3056,b,1.0
3057,3057,b,1.0
3058,3058,b,1.0
3059,3059,b,1.0
3060,3060,b,1.0
3061,3061,b,1.0
3062,3062,b,1.0
3063,3063,b,1.0
3064,3064,b,1.0
3065,3065,b,1.0
3066,3066,b,1.0
3067,3067,b,1.0
3068,3068,b,0.98
3069,3069,b,1.0
3070,3070,b,1.0
3071,3071,b,1.0
3072,3072,b,1.0
3073,3073,b,0.98
3074,3074,b,1.0
3075,3075,b,0.86
3076,3076,b,1.0
3077,3077,b,1.0
3078,3078,b,1.0
3079,3079,b,1.0
3080,3080,b,0.97
3081,3081,b,1.0
3082,3082,b,1.0
3083,3083,b,1.0
3084,3084,b,1.0
3085,3085,b,0.98
3086,3086,b,1.0
3087,3087,b,1.0
3088,3088,b,1.0
3089,3089,b,1.0
3090,3090,b,1.0
3091,3091,b,0.89
3092,3092,b,1.0
3093,3093,b,1.0
3094,3094,b,1.0
3095,3095,b,1.0
3096,3096,b,0.99
3097,3097,b,0.9
3098,3098,b,1.0
3099,3099,b,1.0
3100,3100,b,1.0
3101,3101,b,1.0
3102,3102,b,1.0
3103,3103,b,0.93
3104,3104,b,1.0
3105,3105,b,1.0
3106,3106,b,1.0
3107,3107,b,1.0
3108,3108,b,1.0
3109,3109,b,1.0
3110,3110,b,1.0
3111,3111,b,0.94
3112,3112,b,0.92
3113,3113,b,1.0
3114,3114,b,1.0
3115,3115,b,0.88
3116,3116,b,1.0
3117,3117,b,1.0
3118,3118,b,1.0
3119,3119,b,0.94
3120,3120,b,0.99
3121,3121,b,1.0
3122,3122,b,1.0
3123,3123,b,1.0
3124,3124,b,1.0
3125,3125,b,0.93
3126,3126,b,1.0
3127,3127,b,1.0
3128,3128,b,1.0
3129,3129,b,1.0
3130,3130,b,0.93
3131,3131,b,1.0
3132,3132,b,1.0
3133,3133,b,1.0
3134,3134,b,1.0
3135,3135,b,0.94
3136,3136,b,0.95
3137,3137,b,0.87
3138,3138,b,1.0
3139,3139,b,1.0
3140,3140,b,1.0
3141,3141,b,0.97
3142,3142,b,0.94
3143,3143,b,0.98
3144,3144,b,1.0
3145,3145,b,1.0
3146,3146,b,0.89
3147,3147,b,1.0
3148,3148,b,1.0
3149,3149,b,1.0
3150,3150,b,1.0
3151,3151,b,1.0
3152,3152,b,1.0
3153,3153,b,1.0
3154,3154,b,1.0
3155,3155,b,0.9
3156,3156,b,1.0
3157,3157,b,1.0
3158,3158,b,1.0
3159,3159,b,0.99
3160,3160,b,1.0
3161,3161,b,0.99
3162,3162,b,0.95
3163,3163,b,1.0
3164,3164,b,1.0
3165,3165,b,0.99
3166,3166,b,1.0
3167,3167,b,1.0
3168,3168,b,1.0
3169,3169,b,0.77
3170,3170,b,0.91
3171,3171,b,0.93
3172,3172,b,1.0
3173,3173,b,0.78
3174,3174,b,1.0
3175,3175,b,0.9
3176,3176,b,1.0
3177,3177,b,1.0
3178,3178,b,0.93
3179,3179,b,1.0
3180,3180,b,1.0
3181,3181,b,1.0
3182,3182,b,1.0
3183,3183,b,1.0
3184,3184,b,0.82
3185,3185,b,1.0
3186,3186,b,1.0
3187,3187,b,0.98
3188,3188,b,1.0
3189,3189,b,1.0
3190,3190,b,1.0
3191,3191,b,1.0
3192,3192,b,1.0
3193,3193,b,1.0
3194,3194,b,1.0
3195,3195,b,1.0
3196,3196,b,1.0
3197,3197,b,0.98
3198,3198,b,1.0
3199,3199,b,1.0
3200,3200,b,0.87
3201,3201,b,0.94
3202,3202,b,1.0
3203,3203,b,1.0
3204,3204,b,0.97
3205,3205,b,1.0
3206,3206,b,1.0
3207,3207,b,0.92
3208,3208,b,1.0
3209,3209,b,0.87
3210,3210,b,1.0
3211,3211,b,1.0
3212,3212,b,0.81
3213,3213,b,1.0
3214,3214,b,1.0
3215,3215,b,1.0
3216,3216,b,0.97
3217,3217,b,0.98
3218,3218,b,1.0
3219,3219,b,0.96
3220,3220,b,0.88
3221,3221,b,1.0
3222,3222,b,0.84
3223,3223,b,1.0
3224,3224,b,1.0
3225,3225,b,1.0
3226,3226,b,0.96
3227,3227,b,1.0
3228,3228,b,1.0
3229,3229,b,1.0
3230,3230,b,1.0
3231,3231,b,1.0
3232,3232,b,1.0
3233,3233,b,1.0
3234,3234,b,1.0
3235,3235,b,1.0
3236,3236,b,0.93
3237,3237,b,0.93
3238,3238,b,0.95
3239,3239,b,0.91
3240,3240,b,1.0
3241,3241,b,0.87
3242,3242,b,0.85
3243,3243,b,1.0
3244,3244,b,1.0
3245,3245,b,1.0
3246,3246,b,0.93
3247,3247,b,0.94
3248,3248,b,0.99
3249,3249,b,1.0
3250,3250,b,0.95
3251,3251,b,0.93
3252,3252,b,0.96
3253,3253,b,0.86
3254,3254,b,1.0
3255,3255,b,1.0
3256,3256,b,0.86
3257,3257,b,1.0
3258,3258,b,1.0
3259,3259,b,1.0
3260,3260,b,0.81
3261,3261,b,0.97
3262,3262,b,1.0
3263,3263,b,0.88
3264,3264,b,0.83
3265,3265,b,0.84
3266,3266,b,1.0
3267,3267,b,1.0
3268,3268,b,0.94
3269,3269,b,1.0
3270,3270,b,0.97
3271,3271,b,0.94
3272,3272,b,1.0
3273,3273,b,0.96
3274,3274,b,1.0
3275,3275,b,0.86
3276,3276,b,0.72
3277,3277,b,0.98
3278,3278,b,1.0
3279,3279,b,0.89
3280,3280,b,0.99
3281,3281,b,0.86
3282,3282,b,0.9
3283,3283,b,0.94
3284,3284,b,0.88
3285,3285,b,1.0
3286,3286,b,0.91
3287,3287,b,1.0
3288,3288,b,1.0
3289,3289,b,1.0
3290,3290,b,0.81
3291,3291,b,0.91
3292,3292,b,1.0
3293,3293,b,0.73
3294,3294,b,0.92
3295,3295,b,0.71
3296,3296,b,0.91
3297,3297,b,1.0
3298,3298,b,1.0
3299,3299,b,0.93
3300,3300,b,0.93
3301,3301,b,1.0
3302,3302,b,0.86
3303,3303,b,1.0
3304,3304,b,0.98
3305,3305,b,0.96
3306,3306,b,1.0
3307,3307,b,1.0
3308,3308,b,0.95
3309,3309,b,1.0
3310,3310,b,0.89
3311,3311,b,0.99
3312,3312,b,0.7
3313,3313,b,1.0
3314,3314,b,0.97
3315,3315,b,0.85
3316,3316,b,1.0
3317,3317,b,0.95
3318,3318,b,1.0
3319,3319,b,0.74
3320,3320,b,1.0
3321,3321,b,0.92
3322,3322,b,1.0
3323,3323,b,1.0
3324,3324,b,1.0
3325,3325,b,1.0
3326,3326,b,0.83
3327,3327,b,1.0
3328,3328,b,1.0
3329,3329,b,1.0
3330,3330,b,1.0
3331,3331,b,1.0
3332,3332,b,1.0
3333,3333,b,1.0
3334,3334,b,1.0
3335,3335,b,1.0
3336,3336,b,0.88
3337,3337,b,1.0
3338,3338,b,0.69
3339,3339,b,1.0
3340,3340,b,0.78
3341,3341,b,0.95
3342,3342,b,1.0
3343,3343,b,1.0
3344,3344,b,0.99
3345,3345,b,0.97
3346,3346,b,0.89
3347,3347,b,1.0
3348,3348,b,0.97
3349,3349,b,0.91
3350,3350,b,1.0
3351,3351,b,0.93
3352,3352,b,1.0
3353,3353,b,1.0
3354,3354,b,0.99
3355,3355,b,0.85
3356,3356,b,1.0
3357,3357,b,0.94
3358,3358,b,0.97
3359,3359,b,0.97
3360,3360,b,0.88
3361,3361,b,1.0
3362,3362,b,1.0
3363,3363,b,1.0
3364,3364,b,1.0
3365,3365,b,0.92
3366,3366,b,1.0
3367,3367,b,0.88
3368,3368,b,1.0
3369,3369,b,0.98
3370,3370,b,0.74
3371,3371,b,1.0
3372,3372,b,1.0
3373,3373,b,0.94
3374,3374,b,1.0
3375,3375,b,1.0
3376,3376,b,1.0
3377,3377,b,0.88
3378,3378,b,1.0
3379,3379,b,1.0
3380,3380,b,0.93
3381,3381,b,1.0
3382,3382,b,1.0
3383,3383,b,1.0
3384,3384,b,1.0
3385,3385,b,1.0
3386,3386,b,0.86
3387,3387,b,0.89
3388,3388,b,1.0
3389,3389,b,0.95
3390,3390,b,0.92
3391,3391,b,0.83
3392,3392,b,1.0
3393,3393,b,1.0
3394,3394,b,1.0
3395,3395,b,0.99
3396,3396,b,1.0
3397,3397,b,0.94
3398,3398,b,1.0
3399,3399,b,0.81
3400,3400,b,0.9
3401,3401,b,0.78
3402,3402,b,0.87
3403,3403,b,0.92
3404,3404,b,1.0
3405,3405,b,1.0
3406,3406,b,0.85
3407,3407,b,0.9
3408,3408,b,0.89
3409,3409,b,0.99
3410,3410,b,0.88
3411,3411,b,0.85
3412,3412,b,1.0
3413,3413,b,1.0
3414,3414,b,0.98
3415,3415,b,1.0
3416,3416,b,0.82
3417,3417,b,1.0
3418,3418,b,0.94
3419,3419,b,1.0
3420,3420,b,0.94
3421,3421,b,0.91
3422,3422,b,0.99
3423,3423,b,0.95
3424,3424,b,0.93
3425,3425,b,1.0
3426,3426,b,0.97
3427,3427,b,1.0
3428,3428,b,0.91
3429,3429,b,0.89
3430,3430,b,1.0
3431,3431,b,0.81
3432,3432,b,0.95
3433,3433,b,0.86
3434,3434,b,1.0
3435,3435,b,1.0
3436,3436,b,1.0
3437,3437,b,0.84
3438,3438,b,0.95
3439,3439,b,0.83
3440,3440,b,0.98
3441,3441,b,0.98
3442,3442,b,0.81
3443,3443,b,0.81
3444,3444,b,0.95
3445,3445,b,0.82
3446,3446,b,1.0
3447,3447,b,0.76
3448,3448,b,1.0
3449,3449,b,0.91
3450,3450,b,1.0
3451,3451,b,0.79
3452,3452,b,0.83
3453,3453,b,1.0
3454,3454,b,1.0
3455,3455,b,0.87
3456,3456,b,0.8
3457,3457,b,0.83
3458,3458,b,0.82
3459,3459,b,0.81
3460,3460,b,0.91
3461,3461,b,0.91
3462,3462,b,0.93
3463,3463,b,1.0
3464,3464,b,0.98
3465,3465,b,1.0
3466,3466,b,1.0
3467,3467,b,0.79
3468,3468,b,0.86
3469,3469,b,1.0
3470,3470,b,0.95
3471,3471,b,0.81
3472,3472,b,1.0
3473,3473,b,0.87
3474,3474,b,0.91
3475,3475,b,1.0
3476,3476,b,0.91
3477,3477,b,0.78
3478,3478,b,0.88
3479,3479,b,1.0
3480,3480,b,0.94
3481,3481,b,0.91
3482,3482,b,0.85
3483,3483,b,1.0
3484,3484,b,1.0
3485,3485,b,1.0
3486,3486,b,1.0
3487,3487,b,1.0
3488,3488,b,1.0
3489,3489,b,1.0
3490,3490,b,1.0
3491,3491,b,1.0
3492,3492,b,1.0
3493,3493,b,1.0
3494,3494,b,1.0
3495,3495,b,1.0
3496,3496,b,1.0
3497,3497,b,1.0
3498,3498,b,1.0
3499,3499,b,1.0
3500,3500,b,1.0
3501,3501,b,1.0
3502,3502,b,1.0
3503,3503,b,1.0
3504,3504,b,1.0
3505,3505,b,1.0
3506,3506,b,1.0
3507,3507,b,1.0
3508,3508,b,1.0
3509,3509,b,1.0
3510,3510,b,1.0
3511,3511,b,1.0
3512,3512,b,1.0
3513,3513,b,1.0
3514,3514,b,1.0
3515,3515,b,1.0
3516,3516,b,1.0
3517,3517,b,1.0
3518,3518,b,1.0
3519,3519,b,1.0
3520,3520,b,1.0
3521,3521,b,1.0
3522,3522,b,1.0
3523,3523,b,1.0
3524,3524,b,1.0
3525,3525,b,1.0
3526,3526,b,0.95
3527,3527,b,0.92
3528,3528,b,1.0
3529,3529,b,1.0
3530,3530,b,1.0
3531,3531,b,1.0
3532,3532,b,1.0
3533,3533,b,1.0
3534,3534,b,1.0
3535,3535,b,1.0
3536,3536,b,1.0
3537,3537,b,1.0
3538,3538,b,1.0
3539,3539,b,1.0
3540,3540,b,1.0
3541,3541,b,1.0
3542,3542,b,1.0
3543,3543,b,1.0
3544,3544,b,1.0
3545,3545,b,1.0
3546,3546,b,1.0
3547,3547,b,1.0
3548,3548,b,1.0
3549,3549,b,1.0
3550,3550,b,1.0
3551,3551,b,1.0
3552,3552,b,1.0
3553,3553,b,1.0
3554,3554,b,1.0
3555,3555,b,1.0
3556,3556,b,0.99
3557,3557,b,1.0
3558,3558,b,1.0
3559,3559,b,1.0
3560,3560,b,1.0
3561,3561,b,1.0
3562,3562,b,1.0
3563,3563,b,0.98
3564,3564,b,1.0
3565,3565,b,0.85
3566,3566,b,1.0
3567,3567,b,1.0
3568,3568,b,1.0
3569,3569,b,1.0
3570,3570,b,1.0
3571,3571,b,1.0
3572,3572,b,1.0
3573,3573,b,1.0
3574,3574,b,1.0
3575,3575,b,1.0
3576,3576,b,1.0
3577,3577,b,1.0
3578,3578,b,1.0
3579,3579,b,1.0
3580,3580,b,1.0
3581,3581,b,0.99
3582,3582,b,1.0
3583,3583,b,1.0
3584,3584,b,1.0
3585,3585,b,1.0
3586,3586,b,1.0
3587,3587,b,1.0
3588,3588,b,1.0
3589,3589,b,1.0
3590,3590,b,1.0
3591,3591,b,0.82
3592,3592,b,1.0
3593,3593,b,1.0
3594,3594,b,1.0
3595,3595,b,1.0
3596,3596,b,0.86
3597,3597,b,1.0
3598,3598,b,1.0
3599,3599,b,1.0
3600,3600,b,1.0
3601,3601,b,1.0
3602,3602,b,1.0
3603,3603,b,1.0
3604,3604,b,1.0
3605,3605,b,1.0
3606,3606,b,0.87
3607,3607,b,1.0
3608,3608,b,1.0
3609,3609,b,1.0
3610,3610,b,1.0
3611,3611,b,1.0
3612,3612,b,1.0
3613,3613,b,1.0
3614,3614,b,1.0
3615,3615,b,1.0
3616,3616,b,1.0
3617,3617,b,1.0
3618,3618,b,1.0
3619,3619,b,1.0
3620,3620,b,1.0
3621,3621,b,1.0
3622,3622,b,1.0
3623,3623,b,0.89
3624,3624,b,1.0
3625,3625,b,1.0
3626,3626,b,0.97
3627,3627,b,1.0
3628,3628,b,1.0
3629,3629,b,0.87
3630,3630,b,1.0
3631,3631,b,0.96
3632,3632,b,0.86
3633,3633,b,1.0
3634,3634,b,0.82
3635,3635,b,0.81
3636,3636,b,1.0
3637,3637,b,1.0
3638,3638,b,1.0
3639,3639,b,1.0
3640,3640,b,0.99
3641,3641,b,0.99
3642,3642,b,1.0
3643,3643,b,1.0
3644,3644,b,1.0
3645,3645,b,1.0
3646,3646,b,0.96
3647,3647,b,0.96
3648,3648,b,1.0
3649,3649,b,1.0
3650,3650,b,1.0
3651,3651,b,1.0
3652,3652,b,1.0
3653,3653,b,1.0
3654,3654,b,1.0
3655,3655,b,1.0
3656,3656,b,1.0
3657,3657,b,1.0
3658,3658,b,0.99
3659,3659,b,1.0
3660,3660,b,0.96
3661,3661,b,0.88
3662,3662,b,1.0
3663,3663,b,1.0
3664,3664,b,1.0
3665,3665,b,1.0
3666,3666,b,0.77
3667,3667,b,1.0
3668,3668,b,0.96
3669,3669,b,1.0
3670,3670,b,1.0
3671,3671,b,1.0
3672,3672,b,0.88
3673,3673,b,1.0
3674,3674,b,1.0
3675,3675,b,1.0
3676,3676,b,1.0
3677,3677,b,1.0
3678,3678,b,1.0
3679,3679,b,0.99
3680,3680,b,1.0
3681,3681,b,1.0
3682,3682,b,1.0
3683,3683,b,0.94
3684,3684,b,1.0
3685,3685,b,1.0
3686,3686,b,1.0
3687,3687,b,1.0
3688,3688,b,1.0
3689,3689,b,1.0
3690,3690,b,1.0
3691,3691,b,1.0
3692,3692,b,0.93
3693,3693,b,1.0
3694,3694,b,1.0
3695,3695,b,0.74
3696,3696,b,1.0
3697,3697,b,1.0
3698,3698,b,1.0
3699,3699,b,1.0
3700,3700,b,1.0
3701,3701,b,1.0
3702,3702,b,1.0
3703,3703,b,0.78
3704,3704,b,1.0
3705,3705,b,1.0
3706,3706,b,1.0
3707,3707,b,1.0
3708,3708,b,0.98
3709,3709,b,0.75
3710,3710,b,1.0
3711,3711,b,1.0
3712,3712,b,1.0
3713,3713,b,1.0
3714,3714,b,0.84
3715,3715,b,1.0
3716,3716,b,1.0
3717,3717,b,1.0
3718,3718,b,0.97
3719,3719,b,0.94
3720,3720,b,1.0
3721,3721,b,1.0
3722,3722,b,1.0
3723,3723,b,0.83
3724,3724,b,1.0
3725,3725,b,1.0
3726,3726,b,1.0
3727,3727,b,0.86
3728,3728,b,0.94
3729,3729,b,1.0
3730,3730,b,1.0
3731,3731,b,1.0
3732,3732,b,0.94
3733,3733,b,0.97
3734,3734,b,0.94
3735,3735,b,0.95
3736,3736,b,0.9
3737,3737,b,1.0
3738,3738,b,1.0
3739,3739,b,1.0
3740,3740,b,0.87
3741,3741,b,1.0
3742,3742,b,0.89
3743,3743,b,1.0
3744,3744,b,1.0
3745,3745,b,1.0
3746,3746,b,1.0
3747,3747,b,1.0
3748,3748,b,1.0
3749,3749,b,0.87
3750,3750,b,0.9
3751,3751,b,1.0
3752,3752,b,1.0
3753,3753,b,0.97
3754,3754,b,0.91
3755,3755,b,0.95
3756,3756,b,0.84
3757,3757,b,1.0
3758,3758,b,0.93
3759,3759,b,0.95
3760,3760,b,1.0
3761,3761,b,1.0
3762,3762,b,1.0
3763,3763,b,1.0
3764,3764,b,1.0
3765,3765,b,0.94
3766,3766,b,1.0
3767,3767,b,1.0
3768,3768,b,1.0
3769,3769,b,1.0
3770,3770,b,1.0
3771,3771,b,1.0
3772,3772,b,1.0
3773,3773,b,1.0
3774,3774,b,0.95
3775,3775,b,0.95
3776,3776,b,1.0
3777,3777,b,0.9
3778,3778,b,0.94
3779,3779,b,1.0
3780,3780,b,0.96
3781,3781,b,1.0
3782,3782,b,1.0
3783,3783,b,1.0
3784,3784,b,0.97
3785,3785,b,0.84
3786,3786,b,1.0
3787,3787,b,1.0
3788,3788,b,1.0
3789,3789,b,0.97
3790,3790,b,0.98
3791,3791,b,1.0
3792,3792,b,1.0
3793,3793,b,0.97
3794,3794,b,1.0
3795,3795,b,0.88
3796,3796,b,1.0
3797,3797,b,1.0
3798,3798,b,0.97
3799,3799,b,1.0
3800,3800,b,0.95
3801,3801,b,0.85
3802,3802,b,1.0
3803,3803,b,0.99
3804,3804,b,1.0
3805,3805,b,0.83
3806,3806,b,0.99
3807,3807,b,1.0
3808,3808,b,1.0
3809,3809,b,1.0
3810,3810,b,1.0
3811,3811,b,0.9
3812,3812,b,1.0
3813,3813,b,1.0
3814,3814,b,0.88
3815,3815,b,1.0
3816,3816,b,0.99
3817,3817,b,0.89
3818,3818,b,0.82
3819,3819,b,1.0
3820,3820,b,1.0
3821,3821,b,1.0
3822,3822,b,1.0
3823,3823,b,1.0
3824,3824,b,0.94
3825,3825,b,1.0
3826,3826,b,1.0
3827,3827,b,1.0
3828,3828,b,1.0
3829,3829,b,0.78
3830,3830,b,1.0
3831,3831,b,0.94
3832,3832,b,0.84
3833,3833,b,0.96
3834,3834,b,1.0
3835,3835,b,0.92
3836,3836,b,0.96
3837,3837,b,1.0
3838,3838,b,0.85
3839,3839,b,0.94
3840,3840,b,0.83
3841,3841,b,1.0
3842,3842,b,0.85
3843,3843,b,0.91
3844,3844,b,0.92
3845,3845,b,0.73
3846,3846,b,1.0
3847,3847,b,1.0
3848,3848,b,0.92
3849,3849,b,0.89
3850,3850,b,0.86
3851,3851,b,0.93
3852,3852,b,1.0
3853,3853,b,0.99
3854,3854,b,0.87
3855,3855,b,0.9
3856,3856,b,0.99
3857,3857,b,1.0
3858,3858,b,0.95
3859,3859,b,1.0
3860,3860,b,1.0
3861,3861,b,1.0
3862,3862,b,1.0
3863,3863,b,0.8
3864,3864,b,0.88
3865,3865,b,1.0
3866,3866,b,1.0
3867,3867,b,0.95
3868,3868,b,1.0
3869,3869,b,1.0
3870,3870,b,0.78
3871,3871,b,1.0
3872,3872,b,0.83
3873,3873,b,0.83
3874,3874,b,0.99
3875,3875,b,1.0
3876,3876,b,1.0
3877,3877,b,0.9
3878,3878,b,0.98
3879,3879,b,0.98
3880,3880,b,0.88
3881,3881,b,0.96
3882,3882,b,1.0
3883,3883,b,0.92
3884,3884,b,0.92
3885,3885,b,1.0
3886,3886,b,0.93
3887,3887,b,0.78
3888,3888,b,1.0
3889,3889,b,1.0
3890,3890,b,1.0
3891,3891,b,1.0
3892,3892,b,0.87
3893,3893,b,0.86
3894,3894,b,1.0
3895,3895,b,1.0
3896,3896,b,1.0
3897,3897,b,0.89
3898,3898,b,0.96
3899,3899,b,1.0
3900,3900,b,0.97
3901,3901,b,1.0
3902,3902,b,1.0
3903,3903,b,1.0
3904,3904,b,0.94
3905,3905,b,1.0
3906,3906,b,1.0
3907,3907,b,1.0
3908,3908,b,0.92
3909,3909,b,1.0
3910,3910,b,0.87
3911,3911,b,0.82
3912,3912,b,1.0
3913,3913,b,0.99
3914,3914,b,0.88
3915,3915,b,0.94
3916,3916,b,1.0
3917,3917,b,0.96
3918,3918,b,1.0
3919,3919,b,1.0
3920,3920,b,0.89
3921,3921,b,0.74
3922,3922,b,0.84
3923,3923,b,0.87
3924,3924,b,1.0
3925,3925,b,1.0
3926,3926,b,1.0
3927,3927,b,0.89
3928,3928,b,1.0
3929,3929,b,0.95
3930,3930,b,1.0
3931,3931,b,1.0
3932,3932,b,0.81
3933,3933,b,1.0
3934,3934,b,0.81
3935,3935,b,1.0
3936,3936,b,1.0
3937,3937,b,0.84
3938,3938,b,0.86
3939,3939,b,0.94
3940,3940,b,1.0
3941,3941,b,0.9
3942,3942,b,0.95
3943,3943,b,1.0
3944,3944,b,1.0
3945,3945,b,1.0
3946,3946,b,0.9
3947,3947,b,1.0
3948,3948,b,1.0
3949,3949,b,1.0
3950,3950,b,1.0
3951,3951,b,0.96
3952,3952,b,0.81
3953,3953,b,1.0
3954,3954,b,0.72
3955,3955,b,0.91
3956,3956,b,1.0
3957,3957,b,0.96
3958,3958,b,1.0
3959,3959,b,1.0
3960,3960,b,1.0
3961,3961,b,0.96
3962,3962,b,0.97
3963,3963,b,0.86
3964,3964,b,0.93
3965,3965,b,1.0
3966,3966,b,0.92
3967,3967,b,1.0
3968,3968,b,0.99
3969,3969,b,1.0
3970,3970,b,0.89
3971,3971,b,0.94
3972,3972,b,0.88
3973,3973,b,0.99
3974,3974,b,1.0
3975,3975,b,0.81
3976,3976,b,1.0
3977,3977,b,0.85
3978,3978,b,1.0
3979,3979,b,0.98
3980,3980,b,0.91
3981,3981,b,1.0
3982,3982,b,1.0
3983,3983,b,1.0
3984,3984,b,1.0
3985,3985,b,1.0
3986,3986,b,1.0
3987,3987,b,1.0
3988,3988,b,1.0
3989,3989,b,1.0
3990,3990,b,1.0
3991,3991,b,1.0
3992,3992,b,1.0
3993,3993,b,1.0
3994,3994,b,1.0
3995,3995,b,1.0
3996,3996,b,1.0
3997,3997,b,1.0
3998,3998,b,1.0
3999,3999,b,1.0
4000,4000,b,1.0
4001,4001,b,1.0
4002,4002,b,1.0
4003,4003,b,1.0
4004,4004,b,1.0
4005,4005,b,1.0
4006,4006,b,1.0
4007,4007,b,0.98
4008,4008,b,1.0
4009,4009,b,1.0
4010,4010,b,1.0
4011,4011,b,1.0
4012,4012,b,1.0
4013,4013,b,1.0
4014,4014,b,1.0
4015,4015,b,1.0
4016,4016,b,1.0
4017,4017,b,1.0
4018,4018,b,1.0
4019,4019,b,1.0
4020,4020,b,1.0
4021,4021,b,1.0
4022,4022,b,0.95
4023,4023,b,1.0
4024,4024,b,0.98
4025,4025,b,1.0
4026,4026,b,1.0
4027,4027,b,1.0
4028,4028,b,1.0
4029,4029,b,1.0
4030,4030,b,1.0
4031,4031,b,0.96
4032,4032,b,1.0
4033,4033,b,1.0
4034,4034,b,1.0
4035,4035,b,1.0
4036,4036,b,1.0
4037,4037,b,1.0
4038,4038,b,0.9
